No.,医療機関名,郵便番号,所在地,,,電話番号,診療に当たる科,診療可能な発達障害,,,,,,,診療可能な年齢,,,,,行っている診療,,,,,,,,,,,,作成している診断書等,,,,,,,,,診療にあたっての留意事項,,,,,,,,,,外国語への対応,,,,,
,,,住所,緯度,経度,,,ASD,ADHD,LD,トゥレット症候群などのチック障害,吃音,その他,その他詳細,幼児,小学生,中学生,高校生,18歳以上,診断,心理アセスメント,個別心理面接,養育者向けプログラム,投薬,入院,成人デイケア,療育・言語療法,療育・作業療法,"訪問看護又は訪問看護
事業所との連携",その他,その他詳細,"精神障害者
保健福祉手帳診断書","自立支援医療診断書
（精神通院）","障害者総合支援法における
障害支援区分認定の意見書",特別児童扶養手当認定診断書,"障害年金診断書
（精神の障害用）",成年後見用診断書,その他,その他詳細,生活保護法指定,予約,紹介状,初診可能な曜日,,,,,,,留意事項等,外国語への対応,英語,中国語,韓国語,その他,その他詳細
,,,,,,,,,,,,,,,,,,,,,,,,,,,,,,,,,,,,,,,,,,,月曜日,火曜日,水曜日,木曜日,金曜日,土曜日,日曜日,,,,,,,
1,日本大学病院,101-8309,千代田区神田駿河台１－６,35.6972,139.7627,03-3293-1711,小児科,○,○,○,○,○,－,－,○,○,○,－,－,○,○,○,－,○,○,－,－,－,－,○,養育者に対する個別指導,－,○,－,○,－,－,－,－,－,必要,必要,○,－,○,－,○,－,－,－,－,－,－,－,－,－
2,社会福祉法人三井記念病院,101-8643,千代田区神田和泉町１,35.6992,139.7765,03-3862-9111,精神科,○,○,○,－,－,－,－,－,－,－,－,○,○,○,○,－,○,－,－,－,－,－,－,－,○,○,○,－,○,○,－,－,○,必要,必要,○,○,－,－,○,－,－,－,－,－,－,－,－,－
3,学校法人聖路加国際大学聖路加国際病院,104-8560,中央区明石町９番１号,35.6674,139.7771,03-3541-5151,小児科・児童精神科,○,○,○,○,○,－,－,○,○,○,－,－,○,○,○,－,○,－,－,－,－,－,－,－,－,○,○,○,－,－,－,－,－,必要,必要,○,○,○,－,－,－,－,月、火は児童精神科、水は小児科,－,－,－,－,－,－
,,,,,,,精神科,○,○,－,－,－,－,－,－,－,－,○,○,○,○,－,－,○,－,－,－,－,－,－,－,○,○,－,－,－,－,－,－,－,必要,必要,○,○,○,○,○,－,－,－,○,○,－,－,－,－
4,学校法人国際医療福祉大学国際医療福祉大学三田病院,108-8329,港区三田１－４－３,35.6541,139.7418,03-3451-8121,小児科,○,○,○,－,－,－,－,○,○,○,○,－,○,○,－,－,○,－,－,－,－,－,－,－,○,○,－,－,○,－,－,－,○,必要,必要,－,－,－,－,○,－,－,初診は金曜日午前のみ,○,○,○,－,－,－
5,社会福祉法人恩賜財団済生会支部東京都済生会東京都済生会中央病院,108-0073,港区三田１－４－１７,35.6537,139.7436,03-3451-8211,精神科（心療科）,○,－,－,－,－,－,－,－,－,－,－,○,○,－,－,－,－,－,－,－,－,－,－,－,○,○,○,－,○,－,－,－,○,必要,必要,○,○,○,○,○,－,－,－,○,○,－,－,－,－
6,東京慈恵会医科大学附属病院,105-8471,港区西新橋３－１９－１８,35.6637,139.7514,03-3433-1111,小児科,○,○,○,○,－,－,－,○,○,○,－,－,○,○,－,－,○,－,－,－,－,－,－,－,○,○,－,○,－,－,－,－,－,必要,必要,－,○,○,○,－,－,－,－,－,－,－,－,－,－
7,社会福祉法人恩賜財団母子愛育会総合母子保健センター愛育病院,105-8321,港区芝浦１－１６－１０,35.6462,139.7517,03-6453-7300,小児科,○,○,○,○,○,○,－,○,○,○,－,－,○,○,○,－,○,－,－,－,○,－,－,－,－,○,○,○,－,－,－,－,○,必要,不要,－,－,－,－,－,－,－,心療可能な曜日・時間に関しては要問合せ。医療連携室を介して予約。,－,－,－,－,－,－
8,国立研究開発法人国立国際医療研究センター病院,162-8655,新宿区戸山１－２１－１,35.7023,139.7166,03-3202-7181,小児科・精神科,○,○,○,－,－,－,－,○,○,○,－,－,○,○,○,△,△,－,－,－,－,－,－,－,－,－,－,－,－,－,－,－,－,必要,必要,○,○,○,○,○,－,－,スクリーニングを行い、治療は専門医療機関を紹介あるいは連携して行う。,○,○,○,○,○,通訳あるいは電話通訳を依頼する
9,公益財団法人神経研究所附属晴和病院,162-0851,新宿区弁天町９１,35.7023,139.7272,03-3260-9171,精神科,○,○,－,－,－,－,－,－,－,△,○,○,○,○,○,－,○,○,○,－,－,－,－,中学生については要相談,○,○,○,－,○,○,－,－,－,必要,必要,○,○,○,－,－,－,－,－,－,－,－,－,－,－
10,独立行政法人地域医療機能推進機構東京新宿メディカルセンター,162-8543,新宿区津久戸町５－１,35.7034,139.7422,03-3269-8111,精神科,○,○,－,－,－,－,－,－,－,－,－,○,○,○,○,－,○,○,－,－,－,－,－,－,○,○,－,－,○,○,－,－,－,必要,必要,○,○,○,○,○,－,－,－,－,－,－,－,－,－
11,東京女子医科大学病院,162-8666,新宿区河田町８番１号,35.6972,139.7203,03-3353-8111,小児科,○,○,○,○,△,－,△はケースバイケースです。,○,○,△,－,－,○,○,○,－,○,－,－,－,－,－,－,△はケースバイケースです。,○,○,○,○,－,－,－,－,－,必要,必要,○,－,－,－,－,－,－,紹介状は持参いただくことが望ましいが、なくてもよい。（ただし、選定療育費は発生します）,○,○,－,－,－,－
12,東京大学医学部附属病院,113-8655,文京区本郷７－３－１,35.7114,139.76,03-3815-5411,小児科,○,○,○,○,－,－,－,○,○,○,－,－,○,○,－,－,○,－,－,－,－,－,－,－,－,○,－,○,－,－,－,－,－,必要,必要,－,－,－,○,－,－,－,－,－,－,－,－,－,－
,,,,,,,こころの発達診療部,○,○,○,○,○,○,発達性協調運動障害（または発達性協調運動症）,○,○,○,○,－,○,○,○,○,○,※,－,－,－,○,－,※発達障害の成人に特化した検査入院を精神神経科の病棟を使って行っています。,○,○,○,○,○,○,－,－,○,必要,必要,○,○,○,－,－,－,－,予約は約2か月前に1か月分ずつ電話で受け付けますが、1～2時間で埋まってしまうことがほとんどです。紹介状がなくても診察する場合がありますが、大学病院のために料金がかかります。診療可能な曜日は一部変更されることがあります。,－,－,－,－,－,－
13,順天堂大学医学部附属順天堂医院,113-8431,文京区本郷３－１－３,35.7025,139.7625,03-3813-3111,小児科,○,○,○,○,－,－,－,○,○,○,－,－,○,○,－,－,○,－,－,－,－,－,－,－,○,○,－,○,－,－,－,－,－,必要,必要,－,－,－,－,－,－,－,ホームページで発達外来の診療内容や受診方法、診察日についてご確認いただいた上でご来院下さい。,－,－,－,－,－,－
14,医療法人財団寿康会寿康会病院,136-0073,江東区北砂２－１－２２,35.6788,139.8271,03-3645-9151,小児科,○,○,○,○,－,－,－,○,○,○,○,○,○,－,○,－,○,－,－,○,－,－,－,－,－,○,－,－,－,－,－,－,－,必要,必要,－,－,－,－,－,－,－,時間については要問合せ,－,－,－,－,－,－
15,国家公務員共済組合連合会東京共済病院,153-8934,目黒区中目黒２－３－８,35.6417,139.7038,03-3712-3151,精神科・心療内科,○,○,○,○,－,－,－,－,－,－,○,○,○,○,○,－,○,○,－,－,－,－,－,－,○,○,○,○,○,○,－,－,○,必要,必要,－,○,○,○,－,－,－,－,－,－,－,－,－,－
16,東邦大学医療センター大橋病院,153-8515,目黒区大橋２－１７－６,35.6525,139.6858,03-3468-1251,小児科,○,○,○,○,○,－,－,○,○,○,－,－,○,－,－,－,○,○,－,○,－,－,－,－,－,○,－,○,○,－,－,－,○,必要,必要,○,○,○,－,－,－,－,－,○,○,－,－,－,－
17,日本赤十字社東京都支部大森赤十字病院,143-8527,大田区中央４－３０－１,35.5789,139.7174,03-3775-3111,小児科,△,△,△,－,－,－,－,○,○,○,－,－,－,－,－,－,－,－,－,－,－,－,－,－,－,－,－,－,－,－,－,－,－,必要,必要,○,○,○,○,○,－,－,－,○,○,－,－,－,－
18,東邦大学医療センター大森病院,143-8541,大田区大森西６－１１－１,35.5689,139.7242,03-3762-4151,精神神経科,○,○,○,○,－,－,－,－,○,○,○,○,○,○,－,－,○,○,○,－,－,○,－,－,○,○,○,○,○,－,－,－,－,必要,必要,－,－,－,○,－,－,－,－,－,－,－,－,－,－
19,社会福祉法人康和会久我山病院,157-0061,世田谷区北烏山２－１４－２０,35.6814,139.599,03-3309-1111,小児科,○,○,○,－,－,－,－,○,○,○,－,－,○,○,○,－,○,－,－,－,－,－,－,－,－,○,○,○,○,－,－,－,－,不要,不要,○,○,○,○,○,○,－,－,－,－,－,－,－,－
20,河北総合病院,166-0001,杉並区阿佐谷北１－７－３,35.7069,139.6386,03-3339-2121,小児科,○,○,○,○,－,○,発達性協調運動症,○,○,○,－,－,○,○,○,－,○,－,－,－,－,－,－,－,○,○,－,○,－,－,－,－,－,必要,必要,○,○,○,○,－,○,－,－,－,－,－,－,－,－
21,東京都立大塚病院,170-8476,豊島区南大塚２－８－１,35.7253,139.7323,03-3941-3211,児童精神科,○,○,○,○,○,－,－,○,○,○,－,－,○,○,－,○,○,－,－,－,○,－,－,－,○,○,○,○,○,－,－,－,○,必要,必要,－,－,－,－,－,－,－,初診日の詳細については大塚病院児童精神科のホームページをご覧いただくか、お電話で児童精神科ソーシャルワーカーにお問い合わせ下さい。（03-3941-3211）,－,－,－,－,－,－
22,東京女子医科大学東医療センター,116-8567,荒川区西尾久２－１－１０,35.7484,139.7656,03-3810-1111,小児科,○,○,○,○,○,－,－,○,○,○,－,－,○,○,○,－,○,－,－,－,－,－,－,－,○,○,－,○,○,－,－,－,－,必要,必要,○,－,－,－,○,－,－,－,○,○,○,○,－,－
23,社会医療法人社団正志会荒木記念東京リバーサイド病院,116-0003,荒川区南千住８－４－４,35.7377,139.8071,03-5850-0306,小児科,○,○,○,－,－,○,乳児期の発育、発達遅延,○,○,－,－,－,○,－,－,－,－,－,－,－,－,－,○,簡易発達検査（遠城寺式、デンバー式）,－,－,－,－,－,－,－,－,－,必要,不要,○,－,○,－,－,－,－,－,－,－,－,－,－,－
24,学校法人帝京大学帝京大学医学部附属病院,173-8606,板橋区加賀２－１１－１,35.759,139.7137,03-3964-1211,小児科,○,○,○,○,○,－,－,○,○,○,－,－,○,○,－,－,○,－,－,－,－,－,－,－,－,○,－,○,－,－,－,－,－,必要,必要,○,－,－,○,○,－,－,－,－,－,－,－,－,－
,,,,,,,精神科,○,○,－,－,－,－,－,－,○,○,○,○,○,○,○,－,○,○,○,－,－,－,－,－,○,○,○,－,○,○,－,－,－,必要,必要,○,－,－,－,－,－,－,－,－,－,－,－,－,－
25,医療法人社団翠会成増厚生病院,175-0091,板橋区三園１－１９－１,35.7883,139.6392,03-3939-1191,精神科,○,○,－,－,－,－,－,－,－,－,○,○,○,○,○,－,○,○,－,－,－,○,－,－,○,○,○,－,○,○,－,－,○,必要,必要,○,○,○,○,○,－,－,－,－,－,－,－,－,－
26,板橋区医師会病院,175-0082,板橋区高島平３－１２－６,35.787,139.6581,03-3975-8151,小児科,○,○,－,－,－,－,－,○,○,○,－,－,○,○,－,－,○,－,－,－,－,－,－,－,○,○,－,－,－,－,－,－,○,必要,必要,－,－,－,－,○,－,－,－,－,－,－,－,－,－
27,慈雲堂病院,177-0053,練馬区関町南４－１４－５３,35.7199,139.5729,03-3928-6511,精神科,○,○,○,－,－,－,－,－,－,－,○,○,○,○,○,－,○,○,－,－,－,○,－,－,○,○,○,－,○,○,－,－,○,必要,必要,○,○,○,○,○,－,－,－,－,－,－,－,－,－
28,医療法人社団翠会陽和病院,178-0062,練馬区大泉町２－１７－１,35.7607,139.6027,03-3923-0221,精神科,○,○,－,－,－,－,－,－,－,－,○,○,○,○,○,－,○,○,○,－,－,○,－,－,○,○,○,－,○,－,－,－,－,必要,必要,－,－,－,－,－,－,－,初診日については要問合せ,－,－,－,－,－,－
29,医療法人社団大和会大内病院,123-0841,足立区西新井５－４１－１,35.785,139.7783,03-3890-1306,精神科,○,○,－,－,－,－,－,－,－,－,－,○,○,○,○,－,○,○,－,－,－,○,－,－,○,○,○,○,○,○,－,－,○,必要,必要,○,○,○,○,○,○,－,－,－,－,－,－,－,－
30,医療法人社団成仁病院,121-0815,足立区島根３－２－１,35.7787,139.7962,050-3734-5543,精神科,○,○,○,○,○,－,－,○,○,○,○,○,○,○,○,○,○,○,－,－,○,○,－,ただし、診断は18歳までの方に限ります。大人の方の確定診断は行っておりません。,○,○,○,○,○,○,－,－,○,必要,必要,○,○,○,○,○,－,－,転院の方は紹介状が必要となります,○,○,－,－,－,ただし、通訳の方が同席されることをお勧めします。
31,社会福祉法人勝楽堂病院,120-0032,足立区千住柳町５－１,35.753,139.7972,03-3881-0137,小児科,○,○,－,－,－,－,－,○,○,－,－,－,○,－,－,－,－,－,－,－,－,－,－,一般診察と相談を主として行います。,○,○,○,○,○,－,－,ただし、知能検査等の検査は不可です。,○,必要,必要,－,○,－,－,－,－,－,一般小児科診療内で行いますのでご留意ください。時間の余裕は予測できません。,－,－,－,－,－,－
32,立正佼成会附属佼成病院,166-0012,杉並区和田２－２５－１,35.6893,139.6564,03-3383-1281,小児科,－,○,－,－,－,－,－,○,○,○,－,－,○,○,－,－,○,○,－,－,－,－,－,－,－,－,－,－,－,－,－,－,－,必要,不要,－,－,－,○,○,－,－,木曜は午後、金曜は第2，4金曜日の午後,○,○,－,－,－,－
33,公益社団法人地域医療振興協会練馬光が丘病院,179-0072,練馬区光が丘２－１１－１,35.762,139.6297,03-3979-3611,小児科,○,○,－,－,－,－,－,○,○,○,－,－,○,－,－,－,○,－,－,－,－,－,－,－,－,○,－,○,○,－,－,－,－,必要,不要,○,－,－,－,○,－,－,午前のみ,－,－,－,－,－,－
34,順天堂大学医学部附属練馬病院,177-8521,練馬区高野台３－１－１０,35.7422,139.615,03-5923-3111,小児科,○,○,○,－,－,－,－,○,○,○,－,－,○,○,○,－,－,－,－,－,－,－,－,－,○,○,○,○,○,－,－,－,－,必要,必要,○,○,○,○,○,－,－,－,－,－,－,－,－,－
35,東京都立東部療育センター,136-0075,江東区新砂３－３－２５,35.6638,139.8333,03-5632-8070,小児科・神経内科,○,○,○,○,○,○,知的障害,○,○,○,○,－,○,○,○,－,○,－,－,○,○,○,－,－,○,○,○,○,○,○,－,－,○,必要,必要,○,○,○,○,○,－,－,－,－,－,－,－,－,－
36,医療法人社団長生会成木長生病院,198-0001,青梅市成木４－５７６,35.8251,139.2571,0428-74-5121,精神科,○,○,－,－,－,－,－,－,－,－,－,○,○,－,－,－,○,○,－,－,－,－,－,－,○,○,－,－,○,○,－,－,－,必要,必要,○,○,○,○,○,－,－,午前中,－,－,－,－,－,－
37,東京都立小児総合医療センター,183-8561,府中市武蔵台２－８－２９,35.6919,139.4614,042-300-5111,児童・思春期精神科,○,○,○,○,○,－,－,○,○,○,○,－,○,○,※,○,○,○,－,○,○,－,○,※少数制,○,○,○,○,○,－,－,－,－,必要,必要,○,○,○,○,○,－,－,初診時高3相当以下,－,－,－,－,－,－
38,医療法人財団暁あきる台病院,197-0804,あきる野市秋川６－５－１,35.7293,139.2917,042-559-5761,精神科,○,○,○,－,－,－,－,－,－,△,△,○,△,○,－,－,○,△,－,－,－,○,－,※△は要相談（他院と併診）,○,○,○,△,○,○,－,－,○,不要,必要,－,○,○,－,○,○,－,午前,○,○,－,－,－,－
39,医療法人財団緑雲会多摩病院,192-0015,八王子市中野町２０８２,35.6799,139.3249,042-623-5308,,－,－,－,－,－,－,－,－,－,－,－,－,－,－,－,－,－,－,－,－,－,○,－,－,○,○,○,－,○,○,－,－,○,必要,必要,○,○,○,－,○,○,－,－,－,－,－,－,－,－
40,医療法人財団青溪会駒木野病院,193-8505,八王子市裏高尾町２７３,35.6407,139.2686,042-663-2222,児童精神科,○,○,○,○,○,－,－,○,○,○,－,－,○,○,○,－,○,○,－,－,－,－,－,－,○,○,○,○,○,○,－,－,○,必要,不要,○,－,○,○,○,－,－,－,－,－,－,－,－,－
41,医療法人社団鵬友会協和病院,193-0801,八王子市川口町２７５８,35.6977,139.28,042-654-4231,精神科,－,－,－,－,－,○,応相談,－,－,－,－,○,－,－,－,－,－,○,－,－,－,－,－,まずはお問い合わせください,○,○,○,－,○,－,－,－,○,必要,必要,○,○,○,○,○,－,－,－,－,－,－,－,－,－
42,医療法人永寿会恩方病院,192-0153,八王子市西寺方町１０５,35.6716,139.2655,042-651-3411,精神科,○,○,○,－,－,－,－,－,－,－,○,－,○,○,－,－,○,○,－,－,－,－,－,－,○,○,○,－,○,○,－,－,○,必要,必要,○,○,○,○,○,－,－,－,－,－,－,－,－,－
43,社会福祉法人桜ヶ丘社会事業協会桜ヶ丘記念病院,206-0021,多摩市連光寺１－１－１,35.6479,139.4587,042-375-6311,精神科,○,－,－,－,－,－,－,－,－,－,－,○,○,○,－,－,○,○,－,－,－,－,－,－,○,○,○,○,○,○,－,－,○,不要,必要,○,○,○,○,○,○,－,特化したものではなく精神科一般外来で対応,－,－,－,－,－,－
44,医療法人社団聖美会多摩中央病院,206-0021,多摩市連光寺２－６２－２,35.6405,139.4559,042-374-2111,精神科,○,○,－,－,－,－,－,－,－,－,－,○,○,○,○,－,○,○,－,－,－,○,－,－,○,○,○,－,○,○,－,－,○,必要,不要,○,○,○,○,○,○,－,－,－,－,－,－,－,－
45,特定医療法人社団研精会稲城台病院,206-0824,稲城市若葉台３－７－１,35.6249,139.4653,042-331-5531,精神科,○,○,－,－,－,－,－,－,－,－,○,○,○,○,○,－,○,○,－,－,－,○,－,－,○,○,○,－,○,○,－,－,○,必要,必要,○,○,○,○,○,－,－,－,－,－,－,－,－,－
46,日野市立病院,191-0062,日野市多摩平４－３－１,35.6671,139.3785,042-581-2677,精神神経科,○,○,－,－,－,－,－,－,－,－,－,○,○,－,－,－,○,－,－,－,－,－,－,－,○,○,○,－,○,－,－,－,○,必要,必要,○,○,－,－,○,－,－,－,－,－,－,－,－,－
47,更生保護法人鶴舞会飛鳥病院,194-0005,町田市南町田３－８－１,35.5172,139.4676,042-795-2079,一般精神科,○,○,－,－,○,－,－,－,－,－,－,○,－,○,○,－,○,○,○,－,－,－,－,－,○,○,－,－,○,○,－,－,○,必要,必要,－,－,－,－,－,－,－,初診についてはお問い合わせください。診断は行っていませんが、検査やカウンセリング等継続診療は行っています。診断のある方の投薬も行います。,－,－,－,－,－,－
48,医療法人社団鶴永会鶴が丘ガーデンホスピタル,195-0055,町田市三輪緑山２－２１３３－１,35.5713,139.4834,044-988-3121,心療内科・精神科,○,○,－,－,－,－,－,－,－,－,○,○,－,－,－,－,○,○,－,－,－,－,－,－,○,○,○,○,○,○,－,－,○,必要,必要,○,○,○,○,○,○,－,ただし、精神科初診（受診歴のない方）は紹介状不要,○,○,－,－,－,－
49,医療法人社団鶴川さくら会鶴川さくら病院,195-0064,町田市小野路町１６３２番地,35.5962,139.4457,042-735-2621,精神科,○,○,○,○,○,－,－,○,○,○,○,○,○,－,－,－,○,○,－,－,－,－,－,－,○,○,○,○,○,○,－,－,○,必要,必要,○,○,○,○,○,－,－,－,－,－,－,－,－,－
50,医療法人社団根岸病院,183-0042,府中市武蔵台２－１２－２,35.6933,139.4606,042-572-4121,精神科,○,○,－,－,－,－,－,－,－,－,○,○,－,－,－,－,○,○,－,－,－,－,－,入院は原則18歳以上,○,○,○,－,○,○,－,－,○,不要,必要,○,○,○,○,○,－,－,原則として事前にお問い合わせください。（一部処方可能な医師が限られる薬剤があるため）,－,－,－,－,－,－
51,医療法人社団総合会武蔵野中央病院,184-8585,小金井市東町１－４４－２６,35.6939,139.53,0422-31-1231,精神科,○,○,○,－,－,－,－,－,－,－,－,○,○,○,○,－,○,○,－,－,－,－,－,－,○,○,○,－,○,○,－,－,○,必要,必要,○,○,○,○,○,○,－,専門の治療プログラムは他院へ紹介,－,－,－,－,－,－
52,社会福祉法人鶴風会東京小児療育病院,208-0011,武蔵村山市学園４－１０－１,35.7441,139.3978,042-561-2521,小児科・精神科,○,○,○,△,△,－,△：別の医療機関を紹介させていただく場合があります,○,○,○,－,－,○,○,○,○,○,－,－,○,○,－,－,－,○,○,○,○,○,○,－,－,－,必要,必要,○,○,○,○,○,－,－,"・初診は中学生まで。継続受診は成人まで。
・紹介状は準備いただくことが望ましいですが、準備ができない場合はなしでも受診可能です。",－,－,－,－,－,－
53,独立行政法人国立病院機構災害医療センター,190-0014,立川市緑町３２５６,35.7075,139.4094,042-526-5511,小児科,○,○,－,－,－,－,－,－,○,○,－,－,○,○,○,－,○,－,－,－,－,－,－,－,－,－,－,－,－,－,－,－,－,必要,不要,－,○,○,－,○,－,－,初診は基本火曜（第1，3，4）ですが、状況により水曜・金曜になる場合もあります。,－,－,－,－,－,－
54,医療法人社団碧水会長谷川病院,181-8586,三鷹市大沢２－２０－３６,35.6751,139.5331,0422-31-8600,精神科,○,○,○,○,○,－,－,－,－,△,△,○,○,○,○,－,○,○,○,－,－,○,－,△は要相談,○,○,○,○,○,○,－,－,－,必要,必要,－,－,－,－,－,－,－,初診可能な曜日は予約状況によるため不定,－,－,－,－,－,－
55,一般財団法人多摩緑成会緑成会整育園,187-0032,小平市小川町１－７４１－３４,35.7273,139.45,042-341-3013,小児神経科リハビリ科,○,○,※,－,○,－,※は状況により可,○,○,－,－,－,○,※,※,－,○,－,－,※,※,－,－,※は状況により可,－,－,○,※,※,－,－,※は状況により可。知的障害のみ,－,必要,必要,○,－,○,－,－,－,－,学校等が主体な受診理由の場合には学校の様子などがわかる方,－,－,－,－,－,－
56,医療法人社団新新会多摩あおば病院,189-0002,東村山市青葉町２－２７－１,35.7624,139.4914,042-393-2881,精神科,○,○,－,○,－,－,－,○,○,○,○,○,○,○,－,－,○,○,－,－,－,○,－,－,○,○,○,○,○,○,－,－,○,必要,必要,○,○,○,○,○,○,－,ただし、必ずしも希望に添えるわけではありませんので、希望以外の曜日でなければ対応できないというお返事になることがあります。,○,○,－,－,－,－
57,医療法人社団良江会久留米ケ丘病院,203-0051,東久留米市小山５－７－３,35.7661,139.5179,042-471-0122,精神科,－,－,－,－,－,－,－,－,－,－,－,－,－,－,－,－,○,○,－,－,－,○,－,－,○,○,－,－,○,○,－,－,○,不要,不要,○,○,○,○,○,○,－,土曜は午前のみ,－,－,－,－,－,－
58,社会医療法人財団大和会武蔵村山病院,208-0022,武蔵村山市榎１－１－５,35.7438,139.3877,042-566-3111,小児神経科,－,○,－,－,－,－,－,○,○,○,－,－,○,－,－,－,○,－,－,－,－,－,－,－,－,－,－,－,－,－,－,－,－,必要,必要,－,－,－,－,○,－,－,－,－,－,－,－,－,－
59,医療法人徳洲会東京西徳洲会病院,196-0003,昭島市松原町３－１－１,35.7166,139.3493,042-500-4433,小児科（神経発達）,○,○,○,○,○,○,協調性運動障害、構音障害、睡眠障害,○,○,○,○,△,○,○,○,○,○,－,－,○,○,○,－,18歳以上に関しては高校生までに受診している場合、継続して診療を行う場合がある。,○,○,○,○,○,－,○,医師診察記録、受給者票、愛の手帳、小児慢性疾患診断書,○,必要,必要,○,○,○,○,○,－,－,紹介状はできれば必要,○,△,－,－,○,通訳がいたら可能
60,公益財団法人東京都保健医療公社多摩北部医療センター,189-8511,東村山市青葉町１－７－１,35.7608,139.4932,042-396-3811,小児科,○,○,○,○,○,－,－,○,○,○,○,－,○,○,○,－,○,－,－,○,－,－,－,－,○,○,○,○,－,－,－,－,－,必要,必要,○,○,○,○,○,－,－,担当医、心理療法士が複数在籍しており、曜日はお問い合わせください。,－,－,－,－,－,－
,,,,,,,,,,,,,,,,,,,,,,,,,,,,,,,,,,,,,,,,,,,,,,,,,,,,,,,,
1,医療法人社団虎の門会霞が関アーバンクリニック,100-0013,千代田区霞が関１－４－１　日土地ビル１Ｆ,35.6709,139.7504,03-5157-3911,精神科,○,○,－,－,－,－,－,－,－,－,○,○,○,○,○,－,○,－,－,－,－,－,－,－,○,○,－,－,○,－,－,－,○,必要,不要,○,○,－,○,－,○,－,土曜日はＡＭのみ、月、火、木はＰＭのみ,－,－,－,－,－,－
2,半蔵門モロオカクリニック,102-0083,千代田区麹町２－２－２９　オーセンティック半蔵門２Ｆ,35.6846,139.7413,03-3230-2843,精神科・心療内科,○,○,－,－,－,－,－,－,－,－,－,○,○,○,－,－,○,－,－,－,－,－,－,－,○,○,－,－,○,－,－,－,－,必要,必要,○,－,○,○,－,－,－,やむおえない場合は紹介状不要,－,－,－,－,－,－
3,医療法人社団順真会しのみやクリニック,101-0025,千代田区神田佐久間町３－３７－５９　マルチーノビル３Ｆ,35.6982,139.7774,03-5687-1516,精神科,○,○,－,－,－,－,－,－,－,－,○,○,○,○,－,－,○,－,－,－,－,－,－,－,○,○,○,－,○,○,－,－,○,不要,必要,○,○,○,○,○,○,－,言葉による意思疎通が可能な方が対象,－,○,－,－,－,－
4,とちの木通り診療所,101-0062,千代田区神田駿河台１－７－１０　ＹＫ駿河台ビル１Ｆ,35.6996,139.76,03-5577-2161,精神科・心療内科,○,○,○,○,○,○,知的障害,○,○,○,○,○,○,○,○,－,○,－,－,－,－,－,○,提携発達障害支援機関NPO法人たいらかとの連携有,○,○,○,○,○,○,－,－,○,必要,不要,○,○,○,○,○,○,－,前医がある場合、紹介状がある方が望ましい。,－,－,－,－,－,－
5,医療法人社団昌仁醫修会瀬川記念小児神経学クリニック,101-0062,千代田区神田駿河台２－８　瀬川ビル２階,35.6993,139.7643,03-3294-0371,小児神経科・神経内科・精神科・小児整形外科・小児耳鼻科,○,○,○,○,○,○,染色体異常、ダウン症、瀬川病、変性疾患、レット症候群、ジストニア,○,○,○,○,○,○,○,○,－,○,－,－,○,－,－,○,視覚認知検査、行動療法（ABA）,○,○,○,○,○,○,○,学校に関する書類、小児慢性特定疾患、難病指定等,○,必要,不要,○,○,○,○,○,－,－,不要な外来もあります。初診は必ず予約です。,○,○,－,－,－,－
6,駿河台こころのクリニック,101-0062,千代田区神田駿河台３－２－６　Ａ・Ｐｌａｚａ御茶の水ビル７Ｆ,35.6958,139.7652,03-3257-5678,心療内科,－,○,－,－,－,－,－,－,－,－,－,○,－,－,－,－,○,－,－,－,－,－,－,診療可能な年齢は20歳以上,○,○,－,－,－,－,－,－,○,必要,必要,－,○,○,○,○,○,－,－,－,－,－,－,－,－
7,医療法人社団カームガーデン秋葉原ガーデンクリニック,101-0023,千代田区神田松永町１１　ＡＴ第一ビル７Ｆ,35.6996,139.7745,03-5298-7687,心療内科・精神科,○,○,○,○,○,－,－,－,○,○,○,○,○,○,○,－,○,－,－,－,－,－,－,－,○,○,○,○,○,－,－,－,○,必要,必要,○,○,○,○,○,○,－,紹介状はなしでも概ね大丈夫ではあります。,－,－,－,－,－,－
8,ももこころの診療所,101-0051,千代田区神田神保町１－１６－３　ＴＳＩ神保町ビル４Ｆ,35.6967,139.7587,03-5282-2556,精神科・心療内科,○,○,－,－,－,－,－,－,－,－,○,○,○,○,○,○,○,－,－,－,－,－,－,－,○,○,－,－,○,－,－,－,○,必要,不要,○,○,－,○,○,○,－,－,－,－,－,－,－,－
9,神保町もりたメンタルクリニック,101-0051,千代田区神田神保町１－７－１２　巌松堂ビル３Ｆ,35.6957,139.7591,03-5281-0880,精神科・心療内科,△,○,－,－,－,－,－,－,－,－,－,○,○,－,－,－,○,－,－,－,－,－,－,－,○,○,－,－,－,－,－,－,○,必要,必要,○,○,－,○,○,○,－,紹介状は前医で診断を受けている場合は持参して頂きたいです。,－,－,－,－,－,－
10,神保町メンタルクリニック,101-0051,千代田区神田神保町２－９　神保町メディカルモール５Ｆ,35.6954,139.7559,03-3239-5776,精神科,○,○,－,○,－,－,－,－,－,－,○,○,○,○,○,－,○,－,－,－,－,－,－,－,○,○,－,－,○,－,－,－,○,必要,不要,○,－,○,○,○,○,－,－,－,－,－,－,－,－
11,神田医院,101-0044,千代田区鍛冶町１－８－６　神田ＫＳビル２Ｆ,35.691,139.7731,03-3252-8896,精神科・心療内科,－,○,－,－,－,○,"他医診断、転院の場合可。
※心理士不在のため診断不可",－,－,－,－,○,－,－,－,－,○,－,－,－,－,－,－,－,－,○,－,－,－,－,－,－,○,必要,必要,－,－,－,○,－,－,－,初診は午前のみ,－,－,－,－,－,－
12,医療法人社団アネモス会荻本医院,101-0047,千代田区内神田２－７－１４　山手ビル３号館４Ｆ,35.6902,139.7688,03-3255-4730,精神科・心療内科・内科,○,○,○,－,－,－,－,－,○,○,○,○,○,－,○,－,○,－,－,－,－,－,－,－,○,○,○,○,○,－,－,－,○,必要,不要,○,○,－,○,○,－,－,－,○,○,－,－,○,フランス語
13,神田駅西口メンタルクリニック,101-0047,千代田区内神田３－１２－４　第一岸ビル２Ｆ,35.6912,139.77,03-5209-0874,精神科,○,○,－,－,－,－,－,－,－,－,－,○,○,○,○,－,○,－,－,－,－,○,－,－,○,○,○,－,○,○,－,－,○,必要,必要,○,○,○,○,○,△,－,紹介状は必須ではありませんが、頂けた方が望ましいです。土曜は混み合っています。※詳しい検査は大学病院等にお願いしています。,○,○,－,－,－,－
14,飯田橋ウエルネスクリニック,102-0072,千代田区飯田橋３－６－８　飯田橋Ｔ＆Ｓビル５Ｆ,35.7018,139.7461,03-6261-2922,精神科・心療内科,－,○,－,－,－,－,－,－,－,○,○,○,○,－,－,－,○,－,－,－,－,○,－,－,○,○,○,－,○,○,－,－,○,必要,必要,○,○,－,○,○,○,－,－,－,－,－,－,－,－
15,飯田橋東口内科心療内科診療所,102-0072,千代田区飯田橋４－９－９　第７田中ビル８Ｆ,35.7016,139.7454,03-6260-9863,心療内科・精神科,○,○,－,－,○,－,－,－,－,－,○,○,○,○,○,－,○,－,－,－,－,－,－,－,○,○,－,－,○,○,－,－,○,必要,不要,○,○,－,○,－,○,－,－,－,－,－,－,－,－
16,飯田橋メンタルクリニック,102-0071,千代田区富士見２－３－１０　飯田ビル４Ｆ,35.6994,139.7449,03-3237-5558,精神科,－,○,－,－,－,－,－,－,－,－,○,○,○,－,○,－,○,－,－,－,－,－,－,－,○,○,－,－,○,－,－,－,－,必要,必要,○,○,○,○,○,○,－,－,－,－,－,－,－,－
17,千代田心療クリニック,102-0093,千代田区平河町２－７－９　ＪＡ共済ビル３Ｃ,35.6807,139.74,03-5275-0077,精神科、心療内科,○,○,－,－,－,－,－,－,○,○,○,○,○,○,○,－,○,－,－,－,－,－,－,－,○,○,○,－,○,○,－,－,○,必要,不要,○,○,○,－,○,○,○,第3木曜日の土曜は休診。その翌日の日曜には診療。（初診可）,○,○,－,－,－,－
18,医療法人社団緑和会ストレスケア日比谷クリニック,100-0006,千代田区有楽町１－６－１　ナビール日比谷６階,35.6738,139.7605,03-3581-0205,精神科,○,○,○,－,－,－,－,－,○,○,○,○,○,○,○,－,○,－,－,－,－,－,－,－,○,○,○,－,○,○,－,－,－,必要,不要,○,○,○,○,○,○,－,初診は御予約が必要です。再診からは予約不要です。受付時間内に受付された順に診察いたします。,○,○,－,－,－,－
19,医療法人社団桜メディスン有楽町桜クリニック,100-0006,千代田区有楽町１－７－１　有楽町電気ビル南館７Ｆ,35.6747,139.7613,03-6914-5333,精神科,○,○,○,○,○,－,－,－,－,－,－,○,○,○,○,－,○,－,－,－,－,－,－,－,○,○,－,－,○,－,－,－,－,必要,必要,○,－,○,○,○,－,－,就業中もしくは就業をめざしている成人中心に対応しています,－,－,－,－,－,－
20,人形町メンタルクリニック,103-0013,中央区日本橋人形町1-1-21　人形町ビル3階,35.6843,139.7818,03-5614-7087,心療内科,○,○,－,－,－,－,－,－,－,－,－,○,○,－,－,－,○,－,－,－,－,－,－,－,○,○,○,－,○,－,－,－,－,必要,必要,○,○,－,○,○,○,－,紹介状は前医があれば必要,－,－,－,－,－,－
21,銀座レンガ通りクリニック,104-0061,中央区銀座１－６－１６　銀座１６１６ビル４Ｆ,35.6748,139.7676,03-3535-2280,心療内科,○,○,○,○,○,－,－,－,○,○,○,○,○,○,○,－,○,－,－,－,－,－,－,－,○,○,－,－,○,－,－,－,－,必要,不要,○,○,－,○,○,○,－,－,－,－,－,－,－,－
22,銀座メンタルクリニック,104-0061,中央区銀座１－７－６　タニザワビル８階,35.6745,139.7682,03-5250-4860,精神科,○,○,○,○,○,－,－,－,－,－,○,○,○,○,○,－,○,－,－,－,－,－,－,－,○,○,－,－,○,○,－,－,－,必要,必要,○,○,○,○,○,○,－,－,－,－,－,－,－,－
23,東銀座クリニック,104-0061,中央区銀座４－１２－１５　歌舞伎座タワー１６Ｆ,35.6698,139.7682,03-5565-5533,精神科・心療内科,○,○,－,－,－,－,－,－,－,－,－,○,○,－,－,－,○,－,－,－,－,－,－,－,○,○,○,－,○,－,－,－,○,必要,必要,○,○,○,－,○,－,－,－,－,－,－,－,－,－
24,ヴェスタクリニック銀座,104-0061,中央区銀座７－１３－２　ティアラグレイス銀座タワー８Ｆ,35.6681,139.7647,03-6264-3002,心療内科・精神科,○,○,－,－,－,－,－,－,－,－,○,○,－,○,○,－,○,－,－,－,－,－,－,－,○,○,○,－,○,－,－,－,－,必要,必要,○,○,○,○,○,○,－,－,－,－,－,－,－,－
25,医療法人正槙会銀座ストレスクリニック,104-0061,中央区銀座８－１０－８　銀座８丁目１０番ビル８Ｆ,35.6675,139.762,03-6666-7600,精神科・心療内科,○,○,－,－,－,－,－,－,－,○,○,○,○,○,○,－,○,－,－,－,－,－,－,－,○,○,○,－,○,○,－,－,○,必要,不要,○,○,○,○,○,○,－,－,－,－,－,－,－,－
26,医療法人社団創文会銀座並木通り心療内科・内科クリニック,104-0061,中央区銀座８－５－４　マディソンビル７階,35.6692,139.7607,03-6228-5581,心療内科・精神科,○,○,－,－,－,－,－,－,－,－,○,○,○,○,○,－,○,－,－,－,－,－,－,－,○,○,－,－,○,－,－,－,－,必要,不要,○,－,○,○,○,○」,－,－,○,○,－,－,－,－
27,医療法人社団惟心会りんかい月島クリニック,104-0052,中央区月島１－１３－６　ウェルネス月島３階,35.6653,139.7827,03-5547-8633,心療内科・精神科,○,○,－,－,－,－,－,－,－,－,－,○,○,○,○,－,○,－,○,－,－,○,－,－,○,○,○,－,○,○,－,－,○,必要,できるだけ必要,○,○,－,－,－,－,－,－,－,－,－,－,－,－
28,つきじ心のクリニック,104-0045,中央区築地２－８－１０　築地Ｋ＆Ｒ　ＩＩ　ＴＯＤＡビル６Ｆ,35.6694,139.7723,03-5565-5560,精神科,－,○,－,－,－,－,－,－,－,－,－,○,○,○,○,－,○,－,－,－,－,－,－,－,○,○,○,－,○,○,－,－,－,必要,不要,－,○,○,○,○,○,－,－,－,－,－,－,－,－
29,東銀座メディカルクリニック,104-0045,中央区築地４－３－８　登喜和ビル２Ｆ,35.6666,139.7685,03-3546-3553,精神科・心療内科,○,○,○,○,○,－,－,－,－,－,－,○,○,○,－,－,○,－,－,－,－,－,－,－,○,○,－,－,○,○,－,－,○,必要,不要,○,－,○,○,－,○,－,木曜日は午前中のみ。土曜は第1，3，5週の午前中に限る,－,－,－,－,－,－
30,医療法人社団渓稜会築地サイトウクリニック,104-0045,中央区築地７－１２－１４　紀文第２ビル２Ｆ,35.6656,139.7749,03-3248-5617,精神科・心療内科,○,○,○,○,○,－,－,○,○,○,○,○,○,○,－,－,○,－,－,－,－,○,－,－,○,○,○,○,○,○,－,－,○,必要,不要,○,－,○,－,○,○,－,－,－,－,－,－,－,－
31,医療法人尊和会日本橋サンクリニック,103-0027,中央区日本橋２－１－２１　第２東洋ビル３Ｆ,35.6827,139.7724,03-5542-1718,精神科・心療内科,○,○,○,○,○,－,－,○,○,○,○,○,○,○,○,○,○,－,－,－,－,○,○,個別SST,○,○,○,○,○,○,－,－,○,必要,必要,－,○,○,○,○,－,－,－,－,－,－,－,－,－
32,日本橋茅場町こころのクリニック,103-0025,中央区日本橋茅場町１－１３－１５　新居ビル２Ｆ,35.6798,139.7809,03-3668-7123,心療内科・精神科,○,○,－,－,－,－,－,－,－,○,○,○,○,－,－,－,○,－,－,－,－,－,－,－,○,○,－,－,○,○,－,－,○,必要,必要,○,○,○,－,○,○,－,－,－,－,－,－,－,－
33,茅場町メンタルクリニック,103-0025,中央区日本橋茅場町１－４－２　勝村ビル２Ｆ,35.6805,139.7799,03-5643-2020,精神科・心療内科,－,○,－,－,－,－,－,－,－,－,－,○,○,－,－,－,○,－,－,－,－,－,－,心療可能な年齢は20歳以上,○,○,－,－,○,－,－,－,－,必要,不要,○,○,－,○,－,○,－,土曜は第2、第4のみ診療,－,－,－,－,－,－
34,茅場町こころのケアクリニック,103-0025,中央区日本橋茅場町２－８－１０　碧山ビル２Ｆ,35.6793,139.779,03-5643-9855,精神科・心療内科,○,○,○,○,－,－,－,－,－,△,○,○,○,○,○,△,○,－,－,－,－,－,－,△は要相談,○,○,○,－,○,－,－,－,○,必要,必要,－,○,○,○,○,○,－,紹介状に関しては患者様に応じて対応しています。未成年者の方の受診は初回時においてはご家族同伴を（出来るなら）お願いしております。,○,○,－,－,－,－
35,日本橋メンタルクリニック,103-0021,中央区日本橋本石町３－２－１２　社労士ビル１Ｆ,35.6874,139.7709,03-3243-2772,精神科,○,○,－,－,－,－,－,－,－,－,－,○,○,○,○,－,○,－,－,－,－,－,－,－,○,－,－,－,○,－,－,－,－,必要,必要,○,○,○,○,○,－,－,就労している者、または就労希望する者に限る,－,－,－,－,－,－
36,医療法人東横会たわらクリニック東京,103-0028,中央区八重洲１－５－９　八重洲アメレックスビル９Ｆ,35.6818,139.7713,03-5542-1803,心療内科・精神科,－,○,－,－,－,－,－,－,－,－,○,○,○,○,○,－,○,－,－,－,－,－,－,－,○,○,－,－,○,－,－,－,○,必要,不要,○,○,○,○,○,○,－,－,－,－,－,－,－,－
37,八丁堀メンタルクリニック,104-0032,中央区八丁堀４－９－９　八丁堀フロンティアビル４階,35.6742,139.7777,03-6222-7267,精神科,－,○,－,－,－,－,－,－,－,－,－,○,○,○,○,－,○,－,－,－,－,－,－,－,○,○,○,－,○,－,－,－,－,必要,必要,○,○,○,－,○,○,－,他院通院中であれば紹介状は必要,－,－,－,－,－,－
38,青山杵渕クリニック,107-0062,港区南青山2-9-2　ICビル3階,35.6709,139.7219,03-5786-1511,精神科,－,○,－,－,－,－,－,－,－,－,－,○,○,－,－,－,○,－,－,－,－,－,－,－,○,○,－,－,○,－,－,－,○,必要,必要,○,○,－,－,○,－,－,－,－,－,－,－,－,－
39,医療法人社団雄仁会メディカルケア虎ノ門,105-0001,港区虎ノ門１－１６－１６　虎ノ門１丁目ＭＧビル３Ｆ,35.6684,139.7486,03-5510-3898,精神科,○,○,－,－,－,－,－,－,－,－,－,○,○,○,○,－,○,－,○,－,－,○,－,－,○,○,○,－,○,－,－,－,○,必要,必要,－,○,－,○,○,－,－,－,－,－,－,－,－,－
40,医療法人社団飛白会虎の門山下医院,105-0001,港区虎ノ門２－９－１４　郵政福祉虎ノ門第１ビル２Ｆ,35.6677,139.7457,03-5532-0111,精神科,○,○,－,○,－,－,－,－,－,○,○,○,○,－,○,－,○,－,－,－,－,○,－,－,○,○,○,－,○,－,－,－,○,必要,必要,－,○,○,－,－,○,－,－,－,－,－,－,－,－
41,神谷町ヒルサイドクリニック,105-0001,港区虎ノ門４－１－７　第１松坂ビル２F,35.6642,139.7452,03-5776-7701,心療内科・精神科,○,○,－,－,－,－,－,－,－,－,○,○,○,○,○,－,○,－,－,－,－,－,－,－,○,○,－,－,○,－,－,－,－,必要,不要,○,○,○,○,○,－,－,－,－,－,－,－,－,－
42,品川心療内科,108-0075,港区港南２－１４－１０　品川駅前港南ビル１０Ｆ,35.6287,139.742,03-6712-9474,心療内科・精神科,○,○,○,○,－,－,－,○,○,○,○,○,○,○,○,○,○,－,－,－,－,－,－,－,○,○,－,－,－,－,－,－,－,必要,不要,○,○,○,○,○,○,－,－,－,－,－,－,－,－
43,みゆきクリニック,108-0074,港区高輪４－２１－１６,35.626,139.7369,03-5447-1236,精神科,○,○,○,○,○,－,－,○,○,○,○,○,○,○,○,－,－,－,－,－,－,－,－,－,○,○,－,－,○,－,－,－,－,必要,不要,－,○,－,○,－,－,－,－,－,－,－,－,－,－
44,医療法人社団有朋会こどもメンタルクリニック芝,105-0014,港区芝３－１５－１３　ＹＯＤＡビル３階,35.6532,139.7454,03-5765-6980,児童精神科,○,○,○,○,－,－,－,○,○,○,－,－,○,○,○,○,○,－,－,－,－,－,－,－,○,○,○,○,○,－,－,－,○,必要,必要,－,－,○,○,○,－,－,必ず電話で予約をしてください,－,－,－,－,－,－
45,医療法人社団弘和会芝公園クリニック,105-0014,港区芝３－１５－５　ジョイビレッジ芝公園ビル３Ｆ,35.6536,139.7454,03-3455-5525,精神科・心療内科,－,－,－,－,－,－,－,－,－,－,－,○,○,－,－,－,○,○,－,－,－,－,－,－,○,○,○,○,○,○,－,－,－,必要,必要,○,－,○,－,○,－,－,－,－,－,－,－,－,－
46,浜松町メンタルクリニック,105-0012,港区芝大門１－１４－１０　宮川ビルＢ１,35.6575,139.7537,03-6279-7473,心療内科・精神神経科,○,○,－,－,－,－,－,－,－,－,－,○,○,－,－,－,○,－,－,－,－,－,－,－,○,○,○,－,○,－,－,－,○,不要,必要,○,○,－,○,○,○,－,－,－,－,－,－,－,－
47,新橋１４クリニック,105-0004,港区新橋３－２－２　ラヴィーナ新橋４Ｆ,35.6666,139.7547,03-6206-1582,精神科,○,○,○,○,○,○,全て,－,－,－,○,○,○,○,○,－,○,－,－,－,－,○,－,－,○,○,○,○,○,○,○,精神科で必要とするものすべて,○,必要,必要,○,○,○,○,○,○,○,紹介状ある方が望ましい,－,－,－,－,－,－
48,赤坂ファミリークリニック,107-0052,港区赤坂２－１５－１５　赤坂プラザビル３Ｆ,35.6716,139.7378,03-5562-8825,小児科,○,○,○,○,○,－,－,○,○,○,○,○,－,－,－,○,－,－,－,－,○,－,○,バイオフィードバック、ニューロフィードバック、音楽療法,－,－,－,－,－,－,○,－,医師意見書,不要,不要,－,○,○,－,○,○,－,オンライン予約,○,○,－,－,－,－
49,鈴泉クリニック,107-0052,港区赤坂２－９－３　第一松浦ビル３Ｆ,35.6713,139.741,03-5561-6211,精神科,○,○,○,○,－,－,－,－,－,○,○,○,○,○,○,－,○,－,－,－,－,－,－,－,○,○,○,－,○,○,－,－,○,必要,できれば必要,○,○,－,○,○,－,○,木曜日は隔週。,－,－,－,－,－,－
50,医療法人和楽会心療内科神経科赤坂クリニック,107-0052,港区赤坂３－９－１８　ＢＩＣ赤坂ビル６Ｆ,35.6775,139.7361,03-5575-8198,心療内科、神経科,○,○,－,－,－,－,－,－,－,－,△,○,△,－,－,－,○,－,－,－,－,－,－,－,○,○,－,－,－,－,－,－,－,必要,必要,○,○,○,○,－,－,－,MRI、EEGなどを含めた精密検査はできない。,－,－,－,－,－,－
51,医療法人社団行基会川村総合診療院,107-0062,港区南青山２－２６－３５　青山ＫＫビル７Ｆ,35.6699,139.7171,03-3478-1146,心療内科・精神科・脳神経内科・内科,○,○,○,○,○,－,－,－,○,○,○,○,○,○,○,－,○,－,－,－,－,－,－,－,○,○,○,○,○,○,－,－,○,必要,不要,○,○,○,○,－,－,○,必ず電話かメールで予約が必要。紹介状はあればよい。,○,○,－,－,－,－
52,アマラクリニック表参道,160-1600,港区南青山３－１０－３８　岩田ハウス１０１号室,35.6663,139.7146,03-6438-9869,精神科,○,○,－,○,○,－,－,－,－,○,○,○,○,－,○,－,○,－,－,－,－,－,－,－,○,○,－,－,○,○,－,－,－,必要,必要,○,○,○,－,○,○,－,紹介状は可能であれば必要,－,－,－,－,－,－
53,医療法人社団Ｉｎｔｕｉｔｉｏｎ青山メンタルクリニック,107-0062,港区南青山３－１８－１５-４Ｆ,35.6649,139.7132,03-5772-9200,精神・神経・心療内科,○,○,－,○,○,－,－,－,－,－,－,○,○,○,－,－,○,－,－,－,－,○,－,－,○,○,－,－,○,－,－,－,○,必要,不要,○,○,○,○,○,○,－,－,○,－,－,－,○,仏語
54,青木医院,107-0062,港区南青山４－９－２２　アウラビルＢ１Ｆ,35.6667,139.7174,"03-3401-1770
03-3401-1771",精神科,○,○,○,－,－,－,－,－,－,－,○,○,○,－,－,－,○,※,－,－,－,○,－,"心理検査等に関しては関連病院にて施行している。
※入院に関しては関連病院で可能",○,○,○,○,○,○,－,－,○,"必要
（初診のみ）",必要,－,－,○,－,－,○,－,－,－,－,－,－,－,－
55,医療法人社団真貴志会南青山アンティーク通りクリニック,107-0062,港区南青山５－１４－１　グリーンビル３０２号,35.6607,139.7133,03-3400-0611,精神科・心療内科,○,○,○,○,○,－,－,－,○,○,○,○,○,○,○,－,○,－,－,－,－,－,－,－,○,○,○,○,○,○,－,－,○,必要,不要,－,○,○,○,○,○,－,－,○,○,－,－,－,－
56,社会福祉法人恩賜財団母子愛育会総合母子保健センター愛育クリニック,106-8580,港区南麻布５－６－８,35.6536,139.7266,03-3473-8310,小児精神保健科,○,○,○,○,○,－,－,○,○,－,－,－,○,○,○,○,○,－,－,－,－,－,－,－,○,○,○,○,－,－,－,－,－,必要,不要,○,○,－,－,○,－,－,小学生までの設定となっています。,－,－,－,－,－,－
57,加藤プラチナクリニック,108-0071,港区白金台３－１４－３５　白金台ドルチェ７０１,35.6371,139.7247,03-5422-8565,小児科・内科,○,○,○,○,○,－,－,○,○,○,○,○,○,－,○,○,○,－,－,－,－,－,－,－,－,－,－,－,－,－,－,－,－,必要,不要,－,○,○,○,○,○,－,自費診療,○,○,－,－,－,－
58,ともクリニック浜松町,105-0013,港区浜松町２－２－５　浜松町営和ビル５Ｆ,35.6551,139.7549,03-5425-2233,精神科,○,○,－,－,－,－,－,－,－,－,－,○,○,○,－,－,○,－,－,－,－,－,－,－,○,○,－,－,－,－,－,－,－,必要,できるだけ必要,○,○,○,－,○,－,－,－,－,－,－,－,－,－
59,表参道ソフィアクリニック,107-0061,港区北青山３－１０－２　表参道ソフィアクリニック,35.6645,139.7102,03-6805-0136,精神科,－,○,－,－,－,－,－,－,－,－,○,○,○,○,－,－,○,－,－,－,－,－,－,コンサータ処方可,○,○,－,－,－,－,－,－,－,必要,不要,○,－,○,○,－,○,－,－,－,－,－,－,－,－
60,おりつこどもクリニック,107-0061,港区北青山３－５－４　青山高野ビル５Ｆ,35.6675,139.7143,03-6721-1188,小児科,－,○,－,－,－,－,－,○,○,○,○,○,－,－,－,－,○,－,－,－,－,－,－,－,－,－,－,－,－,－,－,－,－,必要,不要,○,○,－,○,○,○,－,－,－,－,－,－,－,－
61,六本木内科・心療内科クリニック,106-0032,港区六本木７－１４－８　アーツショップビルデング６Ｆ,35.6634,139.7318,03-5770-6585,精神科,○,○,○,－,－,－,－,－,○,○,○,－,○,－,－,－,○,－,－,－,－,－,－,－,○,○,－,－,○,－,－,－,○,不要,不要,○,○,－,○,－,－,－,－,○,○,○,－,－,－
62,六本木メンタルクリニック,106-0032,港区六本木７－１５－１７　ユニ六本木ビル９階,35.6623,139.7296,03-3470-1606,精神科,○,○,－,－,－,－,－,－,－,○,○,○,○,○,○,－,○,－,－,－,－,－,－,－,○,○,－,－,○,－,－,－,○,必要,必要,○,○,○,○,○,○,－,紹介状は前医があれば必要。外来で診られる範囲の重症度であること,○,○,－,－,－,－
63,医療法人社団北の丸会歌舞伎町メンタルクリニック,160-0021,新宿区歌舞伎町２－３９－７　ＯＫビル３Ｆ,35.6971,139.702,03-5155-4155,精神科,○,○,○,○,○,－,－,－,○,○,○,○,○,○,○,－,○,－,－,－,－,○,－,－,○,○,－,－,○,－,－,－,○,必要,不要,○,○,○,－,○,○,－,－,－,－,－,－,－,－
64,医療法人社団コスモス会紫藤クリニック,169-0075,新宿区高田馬場１－２９－２１　みかどビル２Ｆ,35.7105,139.7042,03-3232-1622,精神科,○,○,○,○,○,－,－,－,－,○,○,○,○,○,○,－,○,－,－,－,－,○,○,脳波検査,○,○,○,○,○,○,－,－,○,必要,できれば必要,○,○,○,－,○,－,－,－,－,－,－,－,－,－
65,ブレインケアクリニック,160-0017,新宿区左門町１３　磯部ビル２Ｆ,35.6864,139.72,03-3351-3386,精神科,○,○,－,－,－,－,－,－,－,－,－,○,○,○,－,－,○,－,－,－,－,－,－,－,○,○,－,－,○,－,－,－,○,必要,不要,○,○,－,○,○,－,－,心理士はおらず一般的な知能検査（WAIS-R）などは実施しておりません。希望者には自費診療で認知機能検査（PC使用）を実施しています。,－,－,－,－,－,－
66,よつや三栄通りメンタルクリニック,160-0008,新宿区三栄町９番地　第三米世ビル２Ｆ,35.6876,139.7258,03-5369-8222,精神科,○,○,○,○,○,－,－,－,－,○,○,○,○,－,○,－,○,－,－,－,－,－,－,－,○,○,－,－,○,○,－,－,○,必要,不要,－,○,○,○,○,○,－,－,○,○,－,－,－,－
67,四谷いわさきクリニック,160-0004,新宿区四谷１－２－５　ヒグチ四谷ビル３Ｆ,35.6858,139.7289,03-5366-9222,心療内科・精神科,○,○,－,－,－,－,－,－,－,－,－,○,○,○,○,－,○,－,－,－,－,－,－,－,○,○,○,－,○,○,－,－,－,必要,必要,○,○,○,－,○,○,－,－,○,○,－,－,－,－
68,四谷ゆいクリニック,162-0845,新宿区市谷本村町２－２３　京都荘ビル１Ｆ,35.6906,139.7307,03-5225-1291,精神科,○,○,－,－,－,－,－,－,－,－,－,○,－,－,－,－,－,－,－,－,－,－,－,－,○,○,－,－,－,－,－,－,○,必要,不要,○,○,○,○,－,○,－,－,○,○,－,○,○,スペイン語、ポルトガル語
69,しらかば診療所,162-0065,新宿区住吉町８－２８　Ｂ・ＳＴＥＰビル２Ｆ,35.6938,139.7214,03-5919-3127,精神科,○,－,－,－,－,－,－,－,－,－,－,○,○,○,○,－,○,－,－,－,－,－,－,－,○,○,○,－,○,－,－,－,○,必要,必要,－,－,－,○,○,－,○,金曜、日曜は週による,－,－,－,－,－,－
70,西條クリニック,160-0022,新宿区新宿１－３－１２　壱丁目参番館１１Ｆ,35.6878,139.7121,03-3353-1650,精神科,○,○,○,－,－,－,－,－,－,－,○,○,○,○,○,－,○,－,－,－,－,－,－,－,○,○,○,－,○,○,－,－,○,必要,必要,－,○,○,○,○,○,－,紹介状は出来る限り。なくても診療可。,○,○,－,－,○,スウェーデン語（日常会話程度）
71,アルバ・メンタルクリニック,160-0022,新宿区新宿３－３２－５　日原ビル７Ｆ,35.6902,139.704,03-5360-7119,精神科,○,○,－,－,－,－,－,－,－,○,○,○,○,－,－,－,○,－,－,－,－,－,－,－,○,○,○,－,○,○,－,－,－,必要,あれば必要,○,○,－,○,○,－,－,初診は要予約。心理テストは外注。,－,－,－,－,－,－
72,新宿東メンタルクリニック,160-0022,新宿区新宿５－１１－４　姫路ビル５Ｆ,35.6921,139.7077,03-5919-0132,精神科,○,○,－,○,－,－,－,○,○,○,○,○,○,○,－,－,○,－,－,－,－,○,－,－,○,○,○,－,○,○,－,－,○,必要,できれば必要,－,○,○,○,－,○,－,－,－,－,－,－,－,－
73,東新宿こころのクリニック,160-0022,新宿区新宿６－２８－１２　ＤＳ新宿ビル２Ｆ,35.6962,139.7074,03-5155-5556,精神科・心療内科,○,○,－,－,－,－,－,－,－,－,－,○,○,－,○,－,○,－,－,－,－,○,－,－,○,○,○,－,○,○,－,－,○,必要,必要,○,○,○,○,○,○,－,－,○,○,－,－,－,－
74,医療法人社団美帆会神楽坂ストレスクリニック,162-0825,新宿区神楽坂３－２　神楽坂Ｋビル６Ｆ,35.7016,139.7405,03-6280-8107,心療内科・精神科,○,○,－,－,－,－,－,－,－,○,○,○,－,－,－,－,○,－,－,－,－,－,－,－,○,○,○,－,○,－,－,－,○,必要,必要,○,○,○,○,○,○,－,－,－,－,－,－,－,－
75,医療法人社団上桜会ゆうメンタルクリニック新宿院,160-0023,新宿区西新宿１－１１－１１　河野ビル２Ｆ,35.6898,139.6977,03-3342-6777,精神科・心療内科,－,○,－,－,－,－,－,－,－,－,○,○,－,－,－,－,○,－,－,－,－,－,－,－,○,－,－,－,－,○,－,－,－,必要,不要,○,○,○,○,○,○,○,－,－,－,－,－,－,－
76,たまきクリニック,160-0023,新宿区西新宿１－１２－１２　河西ビル２Ｆ,35.69,139.6973,03-3348-5888,精神科,○,○,○,○,－,－,－,○,○,○,○,○,○,○,○,○,○,－,－,－,－,○,－,－,○,○,○,○,○,○,－,－,○,不要,不要,○,○,○,－,○,○,－,土曜の診療は第1，3，5週の午前中のみとなります（10時～13時）,－,－,－,－,－,－
77,新宿南クリニック,160-0023,新宿区西新宿１－１８－６　新宿須田ビル４Ｆ,35.6887,139.6983,03-5321-6777,精神科・心療内科,○,○,－,－,－,－,－,－,－,－,－,○,○,○,○,－,○,－,－,－,－,○,－,－,○,○,－,－,○,－,－,－,○,必要,必要,○,○,－,○,○,○,－,－,－,－,－,－,－,－
78,医療法人社団エムアイプラン１９９６西新宿メンタルクリニック,160-0023,新宿区西新宿１－５－１２　ニューセントラルビル３Ｆ,35.6927,139.698,03-3344-2137,精神科,○,○,○,－,－,－,－,－,－,－,－,○,○,－,○,－,○,－,－,－,－,－,－,－,○,○,－,－,○,○,－,－,○,必要,必要,○,○,○,○,○,○,－,初診については要問合せ,○,○,－,－,－,－
79,西新宿おざわメンタルクリニック,160-0023,新宿区西新宿４－２－１８　武居西新宿ビル６Ｆ,35.6904,139.6863,03-5333-7207,精神科,－,○,－,－,－,－,－,－,－,○,○,○,○,－,－,－,○,－,－,－,－,－,－,－,○,○,－,－,○,－,－,－,－,必要,不要,○,－,－,○,○,○,○,初診は予約制です,－,－,－,－,－,－
80,まこと小児神経クリニック,160-0023,新宿区西新宿４－７－１　ＳＩＴ西新宿ビル１Ｆ,35.6892,139.6853,03-6300-9528,小児科,○,○,○,○,○,－,－,○,○,○,－,－,○,－,－,－,○,－,－,－,－,○,－,－,○,○,○,○,○,－,－,－,○,必要,必要,－,－,－,○,－,－,－,木曜以外は要相談。１５歳以上は要相談。,－,－,－,－,－,－
81,医療法人社団宏彩会西新宿コンシェリアクリニック,160-0023,新宿区西新宿６－２０－７　コンシェリア西新宿タワーズウエスト２Ｆ,35.6926,139.6874,03-5323-8112,精神科,－,○,－,－,－,－,－,－,－,－,－,○,○,－,－,－,○,－,－,－,－,○,－,－,○,○,－,－,○,○,－,－,○,必要,必要,－,○,○,○,○,○,－,受診歴がなければ紹介状は不要,－,－,－,－,－,－
82,早稲田通り心のクリニック,169-0051,新宿区西早稲田３－２８－１-３Ｆ,35.7115,139.7105,03-5292-2855,精神科,○,○,－,－,－,－,－,－,－,－,－,○,○,－,－,－,○,－,－,－,－,○,－,－,○,○,○,－,○,○,－,－,○,必要,必要,○,○,－,○,○,○,－,－,－,－,－,－,－,－
83,早稲田たけのこクリニック,162-0041,新宿区早稲田鶴巻町５１８番地　第一石川ビル３Ｆ,35.7081,139.7225,03-3232-8155,小児科,○,○,－,○,○,－,－,○,○,○,－,－,○,－,－,－,－,－,－,－,－,－,－,－,－,－,－,－,－,－,－,－,○,不要,必要,○,○,○,－,○,－,－,－,○,○,－,－,－,－
84,戸山メンタルクリニック,169-0072,新宿区大久保２－５－２２　セキサクビル６ＦＡ,35.7025,139.708,03-3232-9288,精神科,○,○,－,－,－,－,－,－,－,－,○,○,○,－,－,－,○,－,－,－,－,－,－,－,○,○,○,－,○,○,－,－,○,不要,不要,○,○,○,－,○,○,－,月・土曜は9：30～13：30、火・水・金曜は9：30～17：00,○,－,－,－,○,フランス語
85,北新宿ガーデンクリニック,169-0074,新宿区北新宿２－２１－１　新宿フロントタワー３Ｆ,35.6961,139.6886,03-5348-8914,心療内科・精神科,○,○,○,○,－,－,トゥレット症候群などのチック症状は中学生まで。,－,○,○,○,○,○,○,－,－,○,－,－,－,－,－,－,－,○,○,○,○,○,－,－,－,○,必要,必要,○,○,○,○,○,○,－,－,－,－,－,－,－,－
86,アパリクリニック,162-0055,新宿区余丁町１４－４　ＪＰＣ曙橋２Ｆ、３Ｆ、Ｂ１、Ｂ２,35.6954,139.7171,03-5369-2591,精神科,○,○,－,－,－,－,－,△,△,△,○,○,○,○,－,－,○,－,－,－,－,○,○,合併精神障害（とくに依存症（ゲーム・ギャンブル・薬物））の治療デイケア,○,○,○,－,○,○,－,－,○,必要,必要,－,○,○,－,○,○,－,幼児～中学生は一部医師で可。,－,－,－,－,－,－
87,医療法人社団秀志会松平小児科,112-0014,文京区関口１－１５－９,35.7087,139.7345,03-3267-4077,小児科,○,○,－,－,－,－,－,○,○,－,－,－,－,－,－,－,－,－,－,－,－,－,－,－,－,－,－,－,－,－,－,－,○,必要,不要,○,－,○,－,○,－,－,－,－,－,－,－,－,－
88,細部小児科クリニック,113-0031,文京区根津２－１４－１１　Ｔ．ツウィンズビル２Ｆ,35.7186,139.7664,03-6303-3162,小児科,○,○,－,－,－,－,－,○,○,○,－,－,○,－,－,－,○,－,－,－,－,－,－,－,－,－,○,－,－,－,－,－,－,必要,不要,○,○,○,※,○,○,－,"ネット予約をして下さると助かります。ホームページより予約可です。
※木曜日は16：00～17：00思春期外来",○,○,－,－,－,－
89,いいもりこころの診療所,113-0024,文京区西片１－３－１８－１Ｆ,35.7123,139.7554,050-3734-5086,精神科,○,○,－,－,－,－,－,－,－,○,○,○,○,－,○,－,○,－,－,－,－,○,－,－,○,○,○,－,○,○,－,－,－,必要,－,○,○,－,－,－,○,－,紹介状は可能であればお持ちください,－,－,－,－,－,－
90,めぐみクリニック,112-0012,文京区大塚３－１－６　ラ・トゥール小石川３Ａ,35.7186,139.7364,03-5981-8990,児童精神科・精神科・心療内科,○,○,○,○,－,－,－,○,○,○,○,－,○,○,○,○,○,－,－,－,－,－,－,－,○,○,○,○,○,－,－,－,－,必要,必要,○,－,○,○,○,○,－,他に医療機関にかかっている場合は紹介状が必要,－,－,－,－,－,－
91,医療法人社団心緑会小石川メンタルクリニック,112-0012,文京区大塚３－６－５　白井ビル１０１,35.72,139.734,03-3943-5858,精神科・心療内科,○,○,－,－,－,－,－,－,－,－,○,○,○,○,○,－,○,－,－,－,－,－,－,－,○,○,○,○,○,○,－,－,○,必要,不要,○,○,○,○,○,○,－,－,－,－,－,－,－,－
92,野村芳子小児神経学クリニック,113-0034,文京区湯島１－２－１３　御茶ノ水明神ビル３Ｆ,35.701,139.7673,03-3258-5563,小児神経科・脳神経内科,○,○,○,○,○,○,自閉症,○,○,○,○,○,○,－,－,－,○,－,－,－,－,○,－,－,－,○,－,○,○,－,－,－,○,必要,あればなおよい,○,○,○,○,○,○,－,－,○,○,－,－,－,－
93,吉川クリニック,112-0001,文京区白山５－３６－９　白山麻の実ビル４Ｆ,35.7207,139.7517,03-5840-5677,精神科・児童精神科,○,○,○,○,○,－,－,○,○,○,○,○,○,○,○,－,○,－,○,－,－,－,－,－,○,○,○,○,○,○,－,－,○,必要,不要,○,○,○,○,○,○,－,－,○,○,－,－,－,－
94,浅草橋子ども発達リハビリクリニック,111-0053,台東区浅草橋１-１２-４　東履東峰会館３階,35.6972,139.7835,03-3864-2600,小児科,○,○,－,－,－,－,－,○,○,－,－,－,○,－,－,－,○,－,－,－,○,－,－,－,－,－,－,○※,－,－,－,※発達検査の結果をお持ちいただくことが必要,○,必要,不要,○,－,○,○,○,○,○,－,－,－,－,－,－,－
95,ストレスケア東京上野駅前クリニック,110-0005,台東区上野７－７－７　早稲田ビルヂング6階,35.7141,139.7784,03-3842-7730,心療内科・精神科,○,○,－,－,－,－,－,－,△,○,○,○,○,○,○,－,○,－,○,－,－,○,－,小学生は10歳以上が対象,○,○,○,－,○,－,－,－,○,必要,不要,○,○,○,－,○,○,－,祝日も可能,○,○,－,－,－,－
96,一宮メンタルクリニック,110-0005,台東区上野６－１－１　小西本店ビル４Ｆ,35.7079,139.776,03-5817-4824,心療内科・精神科,○,○,－,－,－,－,－,－,－,－,○,○,○,○,○,－,○,－,－,－,－,○,－,－,○,○,○,○,○,○,－,－,○,必要,必要,○,○,○,○,○,○,－,－,－,－,－,－,－,－
97,医療法人社団曙会御徒町クリニック,110-0005,台東区上野６－６－２　クレインビル３Ｆ,35.7086,139.7759,03-3836-0537,精神科・心療内科,○,○,－,－,－,－,－,－,－,－,－,○,○,○,－,－,○,－,－,－,－,－,－,－,○,○,－,－,○,－,－,－,○,必要,不要,○,○,○,○,○,○,－,水曜は午後のみ,－,－,－,－,－,－
98,クローバーこどもクリニック,111-0051,台東区蔵前４－２０－４　蔵前四ビル１Ｆ,35.7042,139.7898,03-5825-9608,小児科,－,－,－,○,○,－,－,○,○,○,－,－,○,－,－,－,－,－,－,－,－,－,－,－,－,－,－,－,－,－,－,－,－,必要,必要,○,○,－,○,○,○,－,－,－,－,－,－,－,－
99,医療法人社団ヒプノシス雷門メンタルクリニック,111-0034,台東区雷門２－１８－１５　コレクション雷門ビル４Ｆ,35.7104,139.7967,03-5828-3841,精神科,○,○,－,－,－,－,－,－,－,－,－,○,○,○,○,－,－,－,－,－,－,○,－,－,○,○,○,－,○,○,－,－,○,必要,必要,○,○,－,○,－,○,－,成育歴の問診をします。,－,－,－,－,－,－
100,医療法人社団草思会クボタクリニック,130-0003,墨田区横川３－２－４,35.703,139.8141,03-3623-2011,精神科・心療内科,○,○,○,－,－,－,－,－,－,－,○,○,○,○,○,－,○,－,－,－,－,○,－,－,○,○,○,○,○,○,－,－,○,必要,必要,○,○,○,○,○,○,－,"発達障害の専門外来ではないが、発達障害に関する心療は行っている。
発達障害、二次障害としてのその他の精神疾患にも対応している。",－,－,－,－,－,－
101,医療法人社団草思会錦糸町クボタクリニック,130-0013,墨田区錦糸３－５－１　,35.6983,139.8142,03-3623-3031,精神科・心療内科,○,○,○,－,－,－,－,－,－,△,○,○,○,○,○,－,○,－,○,－,－,○,－,－,○,○,○,○,○,○,－,－,○,必要,必要,○,○,○,○,○,○,－,発達障害の専門医ではないが診療可能な医師が対応する曜日もあり。要問合せ。中学生の診療は対応可能な医師が限定されているため、要問合せ。,－,－,－,－,－,－
102,押上こころのクリニック,131-0033,墨田区向島１－３２－７　ＫＳビル３階,35.7099,139.8078,03-5610-2055,精神科,○,○,－,－,－,－,－,－,－,－,－,○,○,○,○,－,○,－,－,－,－,－,－,－,○,○,－,－,○,－,－,－,○,必要,必要,○,○,○,○,○,○,○,－,－,－,－,－,－,－
103,医療法人社団耕和会五和貴診療所,131-0034,墨田区堤通１－３－１１,35.7227,139.8116,03-3614-5091,精神科,○,○,－,－,－,－,－,－,－,－,－,○,○,○,○,－,○,－,－,－,－,○,－,－,○,○,○,－,○,－,－,－,○,必要,必要,○,－,－,－,○,○,－,－,－,－,－,－,－,－
104,唐澤医院,130-0023,墨田区立川１－１２－１３,35.6911,139.7986,03-3631-2336,小児科,－,－,－,－,－,○,予防接種・一般診療,○,○,○,○,○,－,－,－,－,－,－,－,－,－,－,○,予防接種。発達初期の一般診療。必要に応じ、専門医紹介,－,－,－,－,－,－,－,－,－,必要,できれば必要,○,○,○,－,○,○,－,－,－,－,－,－,－,－
105,医療法人社団瞳心会笠井クリニック,136-0072,江東区大島1-33-12　西大島和田ビル6階,35.6889,139.8262,03-3684-3721,心療内科・神経科・精神科,○,○,－,○,－,－,－,－,－,－,○,○,○,○,○,－,○,－,－,－,－,－,－,－,○,○,○,○,○,－,－,－,○,必要,必要,○,○,○,－,○,○,－,紹介状は前医があれば必要,－,－,－,－,－,－
106,メンタルオフィス亀戸,136-0071,江東区亀戸6－58－11　亀戸ESビル３F,35.6969,139.8279,03-3636-2377,精神科・心療内科,○,○,－,－,－,－,－,－,－,－,○,○,○,○,○,－,○,－,－,－,－,－,○,依存症・アルコール・薬物・ギャンブル,○,○,○,－,○,－,○,－,○,必要,不要,○,○,○,○,○,○,－,－,○,○,－,－,－,－
107,医療法人社団耕和会五和貴江東クリニック,136-0071,江東区亀戸６－４２－１３,35.6963,139.832,03-3636-2665,精神科・心療内科,○,○,－,－,－,－,－,－,－,－,－,○,○,○,○,－,－,－,－,－,－,○,－,－,○,○,○,－,○,－,－,－,○,必要,不要,○,○,○,－,○,○,－,前医のある場合は原則的に紹介状を頂いています（応相談）,－,－,－,－,－,－
108,ひびきメンタルクリニック,136-0071,江東区亀戸６－５７－１９　丸宇本社ビル６Ｆ,35.697,139.829,03-5628-2201,,○,○,－,－,－,－,－,－,○,○,○,○,○,○,○,－,○,－,－,－,－,－,－,－,○,○,－,－,○,○,－,－,○,必要,必要,○,○,－,○,○,○,－,リタリン、コンサータの処方はできない,○,－,○,－,－,－
109,医療法人社団浅川クリニック,135-0004,江東区森下３－２０－６,35.688,139.8026,03-5600-0033,心療内科,○,○,○,○,○,－,－,○,○,○,○,○,○,－,－,－,○,－,○,－,－,○,－,－,○,○,－,－,○,－,－,－,○,必要,必要,○,○,○,－,○,○,－,紹介状は前医がある場合必要,－,－,－,－,－,－
110,新谷医院,135-0004,江東区森下３－３－５,35.6864,139.8006,03-6240-2725,精神科・心療内科,○,○,－,○,－,－,－,○,○,○,○,○,○,－,－,－,○,－,－,－,－,－,－,－,○,○,－,○,○,○,－,－,－,必要,必要,○,○,○,－,○,○,－,紹介状は必要だが、ない場合も相談に応じる,－,－,－,－,－,－
111,医療法人社団片桐会たけし在宅クリニック,135-0024,江東区清澄１－４－１２　ファーストレジデンスＰ５０６号,35.6813,139.7943,03-5639-9163,精神科,○,○,－,○,－,－,－,－,－,－,－,○,○,○,○,－,○,－,－,－,－,○,－,作業所・デイサービスとの連携,○,○,○,－,○,○,－,－,○,必要,必要,○,○,○,○,○,－,－,対応可能な場合は予約外可。,○,○,－,－,－,－
112,医療法人社団透風会竹内小児科医院,135-0011,江東区扇橋２－１－３　ＥＴ２１　２０２,35.6827,139.8141,03-5606-0303,小児科,○,○,○,○,○,○,療育を要する発達障害のある方については状況により医療機関、療育機関を紹介,○,○,○,－,－,○,○,－,－,－,－,－,－,－,－,－,－,－,－,－,－,－,－,－,－,○,必要,不要,－,○,○,○,○,○,－,－,－,－,－,－,－,－
113,坂井医院,136-0072,江東区大島１－２９－６,35.6891,139.8248,03-3681-9747,小児科,○,○,○,○,－,－,－,○,○,○,○,○,○,－,－,－,○,－,－,－,－,－,－,－,○,○,－,○,○,－,－,－,－,必要,不要,－,○,－,－,－,○,－,心理テスト（知能テスト）は当院で行えませんので、書類作成（障害年金書類、児童扶養手当）については前もって検査を受けて来院されるとスムースです。,－,－,－,－,－,－
114,医療法人社団恵心会ハナクリニック,136-0072,江東区大島５－３６－８　宍戸第３ビル３Ｆ,35.6891,139.8363,03-5858-3711,精神科,○,○,－,－,－,－,－,－,○,○,○,○,○,○,－,－,○,－,－,－,－,○,－,－,○,○,○,○,○,○,－,－,○,必要,必要,○,○,－,○,○,○,－,－,－,－,－,－,－,－
115,東陽町こころのクリニック,135-0016,江東区東陽３－２７－１７　長谷川ビル６Ｆ,35.6707,139.8161,03-5633-6153,精神科・心療内科,○,○,○,○,○,－,－,－,－,○,○,○,○,○,○,－,○,－,－,－,－,○,－,－,○,○,○,○,○,○,－,－,○,必要,不要,○,○,○,○,○,○,－,－,－,－,－,－,－,－
116,医療法人社団孔良会こころクリニック門前仲町,135-0047,江東区富岡１－３－５　一光ビル１Ｆ,35.6709,139.7969,03-5875-8235,精神科・心療内科,○,○,○,－,－,－,－,－,○,○,○,○,○,○,－,－,○,－,－,－,－,－,－,－,○,○,－,－,○,－,－,－,○,必要,不要,○,○,－,○,○,○,－,－,－,－,－,－,－,－
117,豊洲メンタルクリニック,135-0061,江東区豊洲４－１－２　豊洲ＴＯＳＫビル４０４号室,35.6545,139.7972,03-5859-0080,心療内科・精神科,○,○,－,－,－,－,－,－,－,－,○,○,○,○,－,－,○,－,－,－,－,－,－,－,○,○,－,－,○,－,－,－,－,必要,不要,○,○,○,－,○,○,－,－,○,△,－,－,－,－
118,医療法人社団惟心会りんかい豊洲クリニック,135-0061,江東区豊洲４－４－２６　ＮＹビル１Ｆ,35.6535,139.798,03-5548-5560,心療内科・精神科,○,○,－,－,－,－,－,－,－,－,－,○,○,○,○,－,○,－,－,－,－,○,－,－,○,○,○,－,○,○,－,－,○,必要,できるだけ必要,－,－,－,○,○,－,－,－,－,－,－,－,－,－
119,たち内科小児科クリニック,136-0073,江東区北砂５－２０－８　北砂５丁目団地８号棟１Ｆ,35.6836,139.8329,03-6666-5133,小児科,－,－,－,○,－,－,－,○,○,○,－,－,－,－,－,－,－,－,－,－,－,－,－,症状がみられた場合、相談や経過観察をしている。診断や検査などはしていない,－,－,－,－,－,－,－,－,－,不要,不要,○,－,○,－,○,－,－,－,○,○,－,－,－,－
120,医療法人社団樹維会五反田駅前クリニック,141-0031,品川区西五反田1-5-2　トラヤビル9階,35.6256,139.7235,03-3495-5755,精神科・心療内科,－,○,－,－,－,－,－,－,○,○,○,○,○,○,－,－,○,－,－,－,－,－,－,－,○,○,○,－,○,○,－,－,○,必要,不要,○,○,○,○,○,○,－,座って診療を受けられないと困難,－,－,－,－,－,－
121,もりしたクリニック,142-0063,品川区荏原３－７－５　和田ビル２Ｆ,35.6171,139.7074,03-5750-2832,心療内科,○,○,○,○,○,－,－,○,○,○,○,○,－,○,○,－,○,－,－,－,－,－,○,未診断の方は一旦他院に紹介します。,○,○,－,－,○,－,－,－,○,必要,不要,○,○,－,○,○,○,－,－,－,－,－,－,－,－
122,えとうメンタルクリニック目黒,141-0021,品川区上大崎２－１３－４５　トラストリンク第３ビル４Ｆ,35.6349,139.7169,03-6277-1338,精神科,○,○,－,－,－,－,－,－,－,－,－,○,○,○,－,－,○,－,－,－,－,－,○,検査としてMSPAを実施,○,○,－,－,○,○,－,－,○,必要,不要,○,○,○,－,○,－,－,－,－,－,－,－,－,－
123,マコトメンタルクリニック,141-0021,品川区上大崎２－１６－１　モンドールビル７Ｆ,35.6348,139.7157,03-3280-1881,心療内科・精神科,－,○,－,－,－,－,－,－,－,－,○,○,○,○,○,－,○,－,－,－,－,－,－,－,○,○,－,－,○,○,－,－,－,必要,必要,○,○,○,－,○,○,－,－,－,－,－,－,－,－
124,徳井記念五反田メンタルクリニック,141-0031,品川区西五反田２－１３－８　山崎ビル２Ｆ,35.6266,139.7203,03-3494-6691,精神科,○,○,－,－,－,－,－,－,－,－,○,○,○,－,－,－,○,－,－,－,－,－,－,－,○,○,○,○,○,○,－,－,○,必要,必要,○,－,○,○,○,－,－,－,－,－,－,－,－,－
125,医療法人社団弘優会ヒロセクリニック,141-0031,品川区西五反田４－３１－１７　ＭＹビル３Ｆ,35.6266,139.7131,03-5437-3085,小児科,○,○,－,－,－,－,－,○,○,－,－,－,○,－,－,－,○,－,－,－,－,－,－,－,－,－,－,－,－,－,－,－,－,不要,不要,－,○,－,－,○,－,－,－,－,－,－,－,－,－
126,クリニック飯塚,141-0031,品川区西五反田８－１－１０　ヒキタカ五反田ビル５Ｆ,35.6231,139.7213,03-3495-8761,内科・小児科,○,○,○,○,○,○,てんかん・脳性マヒ,○,○,○,○,○,○,○,○,－,○,－,－,－,－,－,－,－,○,○,○,－,○,－,－,－,－,必要,不要,－,○,－,－,－,○,－,－,○,○,○,－,○,スペイン語・ドイツ語・イタリア語
127,萩沢医院,140-0015,品川区西大井５－９－２０,35.5997,139.7183,03-3774-4946,小児科,○,－,－,－,－,－,－,－,○,○,－,－,○,－,－,－,－,－,－,－,－,－,－,－,－,－,－,－,－,－,－,－,－,不要,不要,○,－,○,○,○,○,－,－,－,－,－,－,－,－
128,医療法人社団聖純根会村木医院,141-0022,品川区東五反田１－１０－３,35.6279,139.7261,03-3447-6292,精神科,○,○,－,○,○,－,－,－,○,○,○,○,－,○,－,－,○,－,－,－,－,－,－,－,○,○,－,－,○,－,－,－,○,不要,不要,○,○,－,○,○,○,－,－,－,－,－,－,－,－
129,おおしまこどもクリニック,140-0013,品川区南大井３－１６－１１,35.5901,139.7338,03-5762-5272,小児科,○,○,○,○,○,－,－,○,○,○,－,－,○,－,－,－,－,－,－,－,－,－,－,－,－,－,－,－,－,－,－,－,－,必要,不要,－,○,○,○,○,－,－,－,－,－,－,－,－,－
130,医療法人社団ヘルメス会Ｊ戸越銀座クリニック,142-0051,品川区平塚１－８－２０　美和ビル３Ｆ,35.6154,139.7151,03-3786-7773,精神科,○,○,－,－,－,－,－,－,○,○,○,○,○,○,○,－,○,－,○,－,－,－,○,漢方診療、心理検査,○,○,－,－,－,－,－,－,－,必要,必要,－,○,○,○,○,－,－,－,－,－,－,－,－,－
131,林試の森クリニック,153-0064,目黒区下目黒５－３４－１６,35.6265,139.7039,03-3712-7871,児童・思春期精神科,○,○,－,○,○,－,－,○,○,○,○,－,○,－,○,－,○,－,－,－,－,○,－,－,○,○,○,○,○,－,－,－,○,必要,不要,○,○,－,－,○,－,－,完全予約制です。,－,－,－,－,－,－
132,医療法人社団恒和会仲村医院,153-0053,目黒区五本木１－８－９,35.6391,139.6911,03-3712-7776,小児科,－,○,－,－,－,－,－,○,○,－,－,－,○,－,－,－,－,－,－,－,－,－,○,本人及び保護者に役立つ対応方法のアドバイス,－,－,－,－,－,－,－,一般診療の中で軽症の方への初期対応をしています。,○,不要,不要,○,－,○,○,○,－,－,予約も可能です,○,何とか○,－,－,－,－
133,たまきクリニック,152-0035,目黒区自由が丘１－７－１４　ドゥーブルビル３Ｆ,35.6074,139.6701,03-5731-7216,心療内科・精神科,○,○,○,○,○,－,－,○,○,○,○,○,○,○,○,－,○,－,－,－,－,－,－,－,○,○,－,－,○,－,－,－,－,必要,必要,○,○,○,○,○,○,－,－,－,－,－,－,－,－
134,ちあきクリニック,152-0035,目黒区自由が丘２－８－３０,35.6108,139.668,03-5726-8715,心療内科・精神科,○,○,－,－,－,－,－,○,○,○,○,○,○,－,－,－,○,－,－,－,－,－,－,－,○,○,－,－,○,－,－,－,○,必要,不要,－,－,－,－,－,○,－,－,－,－,－,－,－,－
135,あおば心療クリニック,153-0051,目黒区上目黒２－７－１,35.6429,139.6993,03-3713-2387,精神科・神経科,○,○,－,－,－,－,－,－,－,○,○,○,○,－,－,－,○,－,－,－,－,－,－,－,○,○,○,○,○,○,－,－,○,必要,必要,○,－,○,○,○,○,－,紹介状は必須ではない,－,－,－,－,－,－
136,医療法人社団洗松会洗足心療内科クリニック,152-0012,目黒区洗足２－２６－１５－１０５,35.6097,139.695,03-3785-7672,精神科,○,○,－,○,－,－,－,－,－,○,○,○,○,○,○,－,○,－,○,－,－,○,－,－,○,○,○,－,○,○,－,－,○,必要,不要,○,○,○,－,－,○,－,－,○,○,－,－,○,フランス語
137,医療法人社団洗松会洗足メンタルクリニック,152-0012,目黒区洗足２－８－２　関興パークハイツ１Ｆ,35.6128,139.6934,03-3712-0171,神経科・心療内科,○,○,－,－,－,－,－,－,－,－,－,○,－,○,－,－,－,－,○,－,－,－,－,－,－,－,－,－,－,－,－,－,○,必要,必要,－,－,○,○,－,－,－,要予約。（デイケア利用の方のみ対応）,－,－,－,－,－,－
138,医療法人社団恵絢会学芸大駅前神経科クリニック,152-0004,目黒区鷹番２－１９－１７　城南鷹番ビル３Ｆ,35.6288,139.6862,03-3794-0230,精神科,○,○,○,○,○,－,－,○,○,○,○,○,○,－,○,－,○,－,－,－,－,－,－,－,○,○,○,○,○,○,－,－,○,不要,不要,○,－,○,－,○,○,－,紹介状はあればなおよし。困った問題が生じたとき詳しく話を聞き、随時指導を行っている。,－,－,－,－,－,－
139,学芸大学メンタルケアクリニック,152-0004,目黒区鷹番３－６－１８　カザーナ学芸大学２階,35.6292,139.6845,03-6451-0460,精神科・心療内科,○,○,－,－,－,－,－,－,○,○,○,○,○,－,○,－,○,－,－,－,－,○,○,養育者面接,○,○,○,○,○,○,－,－,○,必要,不要,○,○,○,○,○,－,－,木曜は午前のみ。18歳未満の診断については原則として提携カウンセリングルームでの発達検査を前提とする。,－,－,－,－,－,－
140,アイメディカルクリニック,152-0031,目黒区中根１－７－３　オフィス都立大学ビル４Ｆ,35.6176,139.675,03-3725-3748,心療内科,－,－,－,－,－,－,－,－,－,－,－,○,○,－,－,－,○,－,－,－,－,－,－,確定診断が必要な場合、紹介状を書いて他院をご案内,－,－,－,－,－,－,－,－,○,必要,不要,○,○,○,－,○,－,－,－,○,○,－,－,－,－
141,麗華クリニック,152-0031,目黒区中根２－１３－１１　コンパウンド中根２Ｆ,35.6165,139.6759,03-3724-4487,内科・小児科,○,○,○,－,－,－,－,○,○,○,○,○,○,－,－,－,－,－,－,－,－,－,－,－,－,－,－,－,－,－,－,－,－,必要,必要,－,－,－,○,－,○,－,－,○,－,○,－,－,状況により対応可
142,福田医院,153-0061,目黒区中目黒３－２２－１１,35.6389,139.6982,03-3712-2868,小児科,○,○,－,－,－,－,－,○,○,○,○,○,○,－,－,－,○,－,－,－,－,○,－,－,－,－,－,－,－,○,－,－,○,必要,必要,○,○,○,－,○,－,－,－,－,－,－,－,－,－
143,駒沢ケイクリニック,152-0021,目黒区東が丘２－１３－８,35.6299,139.6635,03-5712-5581,精神科,○,○,－,－,－,－,－,－,－,－,－,○,○,－,○,－,○,－,－,－,－,○,－,－,○,○,○,－,○,－,－,－,○,必要,必要,○,○,○,○,○,○,－,－,－,－,－,－,－,－
144,ソアレメディカルクリニック,152-0032,目黒区平町１－２６－３　スミール都立大２０１号,35.618,139.6774,03-6909-2761,心療内科,－,○,－,－,－,－,－,－,－,－,－,○,○,○,－,－,○,－,－,－,－,－,－,－,－,－,－,－,－,－,－,－,○,必要,必要,○,○,－,○,○,－,－,－,－,－,－,－,－,－
145,祐天寺松本クリニック,153-0052,目黒区祐天寺２－１７－１１,35.6358,139.6907,03-3710-0071,精神科,○,○,－,－,－,－,－,－,－,○,○,○,○,○,－,－,－,－,－,－,－,－,－,－,○,○,－,－,○,－,－,－,－,必要,必要,○,○,○,－,○,－,－,心理アセスメント・診断も行っていますが、予約をお取りするには時間がかかります,－,－,－,－,－,－
146,石井メンタルクリニック,143-0016,大田区大森北1－29－4,35.5857,139.7285,03-3768-7132,精神科,○,○,－,－,－,－,－,－,－,－,○,○,○,－,－,－,○,－,－,－,－,－,－,－,○,○,○,－,－,－,－,－,○,必要,必要,○,○,－,○,○,○,－,処方する薬剤に制限有。不定期の休診有。,－,－,－,－,－,－
147,梅屋敷森田クリニック,144-0052,大田区蒲田２－７－１　第五山田ビル１Ｆ,35.5668,139.728,03-5714-0788,精神科・心療内科,○,○,○,△,○,－,ADHDは攻撃的でない方。トゥレット症候群などのチック障害は高校生以上で親が同席の場合。,－,－,－,○,○,○,○,○,－,○,－,－,－,－,○,－,個別精神療法は自費のみ,○,○,△,－,○,△,－,成年後見用診断書はかかりつけのみ。,○,必要,必要,○,○,○,○,－,－,－,両親の付き添いがない場合、お断りするケースがあります。完全予約制ですので時間が守れない方は難しいです。,－,－,－,－,－,－
148,医療法人社団常泉クリニック,144-0052,大田区蒲田５－４０－３　月村ビル５階,35.5612,139.7166,03-5711-6521,精神科,○,○,○,○,○,－,－,○,○,○,○,○,○,○,○,－,○,－,－,－,－,○,－,－,○,○,○,○,○,○,－,－,○,不要,できれば必要,○,○,－,－,○,○,－,－,－,－,－,－,－,－
149,山王眼と心のクリニック,143-0023,大田区山王３－２７－６　大森ラルタビル１Ｆ,35.5842,139.724,03-5718-6161,精神科,○,○,－,－,－,－,－,－,－,－,○,○,－,－,－,－,○,－,－,－,－,－,－,－,○,○,○,－,○,－,－,－,－,必要,必要,○,－,○,○,－,○,－,紹介状は症状の程度によります。,－,－,－,－,－,－
150,森岡小児科医院,144-0056,大田区西六郷１－１９－１５,35.554,139.7068,03-3738-5918,小児科,△,○,－,－,－,－,－,○,○,○,○,○,○,－,－,－,○,－,－,－,－,－,－,－,○,－,－,－,－,－,－,－,－,順番予約のみ必要,不要,○,○,○,○,－,○,－,午前のみ。治療プログラムなどはなし。,－,－,－,－,－,－
151,ナグモ医院,144-0034,大田区西糀谷４－２１－１６,35.554,139.7307,03-3742-0556,内科・小児科,○,○,－,－,－,－,－,○,○,○,○,○,－,－,－,－,－,－,－,－,－,○,－,－,－,－,－,－,－,○,－,－,○,不要,不要,○,○,○,○,○,○,－,－,－,－,－,－,－,－
152,医療法人社団オーシーエフシー会大川こども＆内科クリニック,146-0095,大田区多摩川１－６－１６　大川ビル,35.5628,139.7002,03-3758-0920,育児・発達支援外来,○,○,○,○,○,－,－,○,○,○,○,－,○,○,○,○,○,－,－,○,－,－,－,－,○,－,○,○,－,－,－,－,－,必要,必要,○,○,－,○,○,○,－,－,－,－,－,－,－,－
153,医療法人社団くどうちあき脳神経外科クリニック,143-0016,大田区大森北１－２３－１０,35.585,139.7307,03-5767-0226,心療内科,○,○,○,－,－,－,－,○,○,○,○,○,○,○,○,－,－,－,－,－,－,○,－,－,○,－,－,－,○,○,－,－,－,必要,不要,○,－,○,○,○,○,－,土曜日は基本第2、第4土曜日のみ。状況によって変更有。詳しくはHPをご覧ください。,－,－,－,－,－,－
154,東京都立北療育医療センター城南分園,145-0065,大田区東雪谷４－５－１０,35.5937,139.693,03-3727-0521,小児科・小児精神科,○,○,○,○,－,－,－,○,○,○,○,○,○,○,－,－,○,－,－,－,－,○,－,－,－,○,○,○,－,－,－,－,○,必要,必要,○,○,○,○,－,－,－,－,－,－,－,－,－,－
155,藤村クリニック,144-0035,大田区南蒲田１－１－２３　ファインクレスト羽鳥２０３,35.5607,139.7246,03-3733-1345,精神科,○,○,－,○,○,－,－,－,－,○,○,○,○,○,－,－,○,－,－,－,－,－,－,－,○,○,－,－,－,－,－,－,○,必要,不要,○,○,○,－,○,－,－,－,○,○,－,－,○,イタリア語
156,医療法人社団南七星会宇佐美脳神経外科,145-0073,大田区北嶺町５－１８,35.5882,139.6818,03-3748-1110,脳神経外科,○,○,○,○,○,－,－,－,○,○,○,○,○,－,－,－,○,－,○,○,○,－,－,－,－,○,○,－,○,○,－,－,○,必要,必要,○,－,○,－,○,○,－,－,－,－,－,－,－,－
157,恩田メディカルプラザ,154－0024,世田谷区三軒茶屋二丁目11番20号サンタワーズD棟５階,35.642,139.6693,03-5726-9327,脳神経外科,○,○,○,○,○,－,－,○,○,○,○,○,○,○,○,－,○,－,－,－,－,－,○,専門医療機関への紹介、訪問診療,－,○,－,－,－,－,－,－,○,不要,不要,○,○,○,－,○,○,－,－,○,○,○,○,－,通訳の方がいればどの言語も可能
158,唐木心療内科クリニック,158-0083,世田谷区奥沢５－２５－９　インディペンデンス４Ｆ,35.6069,139.67,03-5729-7066,精神科・心療内科,－,○,－,－,－,－,－,－,－,－,－,○,○,－,－,－,○,－,－,－,－,－,－,－,○,○,－,－,○,－,－,－,○,必要,必要,－,○,○,○,○,○,－,－,－,－,－,－,－,－
159,喜多見メンタルクリニック,157-0067,世田谷区喜多見８－１９－１４　ツーエムビル３Ｆ,35.6359,139.5874,03-6411-0056,精神科,○,○,－,○,○,－,－,－,－,－,○,○,○,○,○,－,○,－,－,－,－,○,－,－,○,○,○,○,○,○,－,－,○,必要,不要,○,○,○,○,○,○,－,通院中の場合は紹介状を要します,－,－,－,－,－,－
160,田代内科クリニック,157-0073,世田谷区砧３－４－１　大蔵ビル５Ｆ,35.6349,139.6124,03-3749-3001,内科,○,○,－,－,－,－,－,－,－,○,○,○,－,－,－,－,○,－,－,－,－,－,－,－,－,－,－,－,○,○,－,－,○,必要,必要,○,－,○,－,○,－,－,－,－,－,－,－,－,－
161,はしもとクリニック経堂,156-0051,世田谷区宮坂１－２７－６,35.6488,139.6425,03-5656-6798,精神科・リハビリテーション科,○,○,○,－,－,－,－,○,○,○,○,－,○,○,－,○,○,－,－,－,－,○,－,－,○,○,○,○,○,－,－,－,○,必要,可能であれば必要,－,○,－,○,○,○,－,－,－,－,－,－,－,－
162,給田ファミリークリニック,157-0064,世田谷区給田３－２６－６　,35.6654,139.5897,03-5315-5511,家庭医療科,－,○,－,－,○,－,－,○,○,○,○,○,－,－,○,－,○,－,－,－,－,－,○,専門機関との連携,－,－,－,－,－,－,－,－,－,不要,必要,○,○,○,○,○,○,－,－,－,－,－,－,－,－
163,医療法人社団昭星会二子玉川心のクリニック,158-0094,世田谷区玉川３－６－１２　明友第７ビル７Ｆ,35.6125,139.6265,03-3707-2507,精神科,○,○,－,－,－,－,－,－,○,○,○,○,○,○,○,－,○,－,－,－,－,－,－,－,○,○,－,－,○,－,－,－,○,必要,かかっている医療機関があれば必要,○,○,○,○,○,○,－,初診の場合は電話にて予約をとって下さい。なお、その際、発達障害の診断/心理面接希望等お伝え下さい,－,－,－,－,－,－
164,玉川田園調布クリニック,158-0085,世田谷区玉川田園調布２－１２－１０,35.6021,139.6651,03-3721-5917,内科・心療内科・精神科,○,○,○,○,○,－,－,－,○,○,○,○,○,－,○,－,○,－,－,－,－,○,○,内科診察,○,○,○,○,○,○,－,－,○,必要,必要,○,○,－,○,－,○,－,午前9時～12時、午後3時～5時にクリニック（2階）の階下のインターフォンでコールしてください,○,○,－,－,－,－
165,桜クリニック,156-0053,世田谷区桜３－９－１２,35.6392,139.6364,03-3425-8744,精神科,○,○,○,－,－,－,－,－,－,○,○,○,○,○,○,－,○,－,－,－,－,－,－,－,○,○,○,－,○,○,－,－,○,必要,不要,○,○,－,○,○,○,－,金曜は午後のみ。土曜は午前のみ。,－,－,－,－,－,－
166,桜新町メンタルクリニック,154-0015,世田谷区桜新町１－１５－１９　リッキービル２Ｆ２０２,35.63,139.6437,03-3420-2066,精神科・心療内科,○,○,－,○,－,－,－,－,－,△,○,○,△,△,－,－,○,－,－,－,－,－,－,診断困難例は専門機関に紹介する。心理アセスメントはWISC、WAISのみ,○,○,○,△,○,△,－,△は通院している患者のみ,○,必要,必要,○,○,○,－,○,○,－,－,－,－,－,－,－,－
167,メンタルクリニックやまびこ,154-0015,世田谷区桜新町２－９－６　ブロッサム桜新町１ーＣ,35.6321,139.644,03-5426-0408,精神科・心療内科,○,○,○,○,○,○,－,△,○,○,○,○,○,○,○,－,○,－,－,－,－,○,－,基本小学1年生からです。状況により幼児も可。養育者プログラム、成人デイケア、療育・言語療法、療育・作業療法は検討中です。,○,○,○,○,○,○,○,－,－,必要,不要,○,○,○,－,○,○,－,紹介状があればうれしいです。場合によっては当院の外来だけで対応できないこともあります。,－,－,－,－,－,－
168,三軒茶屋駅前メンタルクリニック,154-0024,世田谷区三軒茶屋１－３７－８　ワコーレ三軒茶屋６４ビル５階,35.6431,139.6709,03-6804-0126,精神科・心療内科,－,○,－,－,－,－,－,－,－,－,○,○,－,－,○,－,○,－,－,－,－,－,－,－,○,○,○,－,○,－,－,－,－,必要,必要,○,○,－,○,○,－,－,－,○,○,－,－,－,－
169,明大前メンタルクリニック,156-0043,世田谷区松原２－４５－１０　レインボー明大前２Ｆ,35.6685,139.6496,03-6265-8661,精神科・心療内科,○,○,－,－,－,－,－,－,－,○,○,○,○,○,－,－,○,－,－,－,－,－,－,－,○,○,－,－,○,○,－,－,○,必要,必要,○,○,－,○,○,○,－,－,－,－,－,－,－,－
170,吉川小児科,156-0043,世田谷区松原３－２８－８　,35.6658,139.6423,03-5329-4153,小児科,○,○,－,－,－,－,－,○,○,○,○,－,○,－,－,－,○,－,－,－,－,－,－,－,－,－,－,○,－,－,－,－,－,不要,不要,○,－,○,○,－,○,－,－,－,－,－,－,－,－
171,みくりキッズくりにっく,158-0093,世田谷区上野毛２－２２－１４　ＣＯＲＴＩＬＥ　ＴＡＭＡＧＡＷＡＢ棟,35.6094,139.6351,03-3701-1010,小児科・小児神経科・児童精神科・アレルギー科・内科・リハビリテーション,○,○,○,○,○,○,心身症,○,○,○,－,－,○,○,○,○,○,－,－,○,○,○,－,－,○,○,○,○,○,－,－,－,－,必要,必要,○,○,○,○,○,－,－,初診、再診完全予約。予約料有。HPを必ずご確認ください,－,－,－,－,－,－
172,桜新町こどもクリニック,154-0014,世田谷区新町３－２－１,35.6319,139.6489,03-5450-1515,小児科,○,○,－,－,－,－,－,○,○,○,－,－,○,－,－,－,○,－,－,－,－,－,－,－,○,○,○,○,－,－,－,－,－,必要,必要,－,－,－,－,－,○,－,－,○,○,－,－,－,医師によって対応可能
173,上町クリニック,154-0017,世田谷区世田谷３－１２－１５,35.6439,139.6474,03-5450-1511,神経内科,－,○,－,－,－,－,－,－,○,－,－,－,－,－,－,－,○,－,－,－,－,－,○,家族、学校等の周囲に対する対応指導,－,○,－,－,－,－,－,－,－,不要,不要,○,○,－,○,○,○,－,－,－,－,－,－,－,－
174,世田谷子どもクリニック,154-0017,世田谷区世田谷３－６－１４　　プロティオン豪徳寺１０１,35.6444,139.6469,03-5799-1582,小児科,○,○,－,－,－,－,－,○,○,○,－,－,○,－,－,－,○,－,－,－,－,－,－,－,○,○,○,○,○,－,－,－,－,必要,不要,○,○,○,○,○,－,－,－,－,－,－,－,－,－
175,医療法人社団クレッセントつだ小児科クリニック,154-0017,世田谷区世田谷４－５－８-10１,35.6434,139.6532,03-5477-7736,小児科,○,○,○,－,○,－,－,○,○,○,○,－,△,○,○,－,○,－,－,－,－,－,－,△…ある程度診断がついている方は対応可,－,－,－,－,－,－,－,－,－,不要,必要,○,○,○,－,○,○,－,予約は不要ですが、予約することもできます。,－,－,－,－,－,－
176,医療法人社団風鳴会成城墨岡クリニック分院,157-0066,世田谷区成城２－２２－９,35.6386,139.6001,03-3749-1122,精神科,○,○,○,○,－,－,－,－,○,○,○,○,○,○,○,－,○,－,－,－,－,○,－,－,○,○,○,○,○,○,－,－,○,不要,必要,○,－,○,○,○,○,－,－,－,－,－,－,－,－
177,成城神経科,157-0066,世田谷区成城２－３５－１１　成城ホームズ４０２,35.6397,139.5998,03-3417-3888,精神科,○,－,－,－,－,－,－,－,○,○,○,○,○,－,－,－,○,－,－,－,－,○,－,－,○,○,－,－,○,－,－,－,○,必要,必要,○,－,－,－,○,○,－,初診は午前中,－,－,－,－,－,－
178,せきぐちクリニック,156-0055,世田谷区船橋１－１６－１,35.65,139.6239,03-3429-4181,小児科,○,○,○,○,－,－,－,○,○,○,○,○,○,－,－,－,○,－,－,－,－,－,－,－,－,－,－,－,－,－,－,－,－,必要,必要,○,○,－,○,○,－,－,－,○,○,－,－,－,－
179,祖師谷みちクリニック,157-0072,世田谷区祖師谷１－１０－５　森ビル２Ｆ,35.6443,139.6089,03-6411-3383,皮膚科・形成外科,－,○,－,○,○,－,－,○,○,○,○,○,－,－,－,－,○,－,－,－,－,－,○,漢方薬による治療を行っています。,－,－,－,－,－,－,－,－,－,不要,不要,○,○,－,○,○,○,－,－,○,○,－,－,－,－
180,医療法人社団大悟会三軒茶屋なかむらメンタルクリニック,154-0004,世田谷区太子堂２－７－３　橋和屋東京４Ｆ,35.6451,139.6737,03-6450-8996,精神科,○,○,○,○,○,－,－,－,－,○,○,○,○,－,－,－,○,－,－,－,－,－,－,－,○,○,○,－,○,－,－,－,○,必要,不要,○,○,○,－,○,○,－,－,－,－,－,－,－,－
181,ながしまクリニック,154-0004,世田谷区太子堂３－３８－１８　アパートメンツ三軒茶屋ブラッサムテラス１Ｆ,35.6519,139.6714,03-5433-3818,神経内科,－,－,－,－,－,○,てんかん,－,－,－,－,○,－,－,－,－,○,－,－,－,－,－,－,－,－,○,－,－,○,○,－,－,○,必要,必要,○,○,○,－,○,○,－,－,－,－,－,－,－,－
182,医療法人社団洗松会三軒茶屋神経科心療内科クリニック,154-0004,世田谷区太子堂４－２７－１１　,35.6455,139.6701,03-3795-7744,精神科,○,○,－,○,－,－,－,－,－,○,○,－,○,○,○,－,○,－,○,－,－,○,－,－,○,○,○,－,○,－,－,－,○,必要,不要,○,○,○,○,○,○,－,－,○,○,－,－,○,フランス語
183,くるみクリニック,156-0041,世田谷区大原２－２３－５,35.6717,139.6604,03-3327-7462,精神科,－,－,－,－,－,○,統合失調症、うつ病など,－,－,－,○,○,－,－,－,－,○,－,－,－,－,○,○,精神療法,○,○,○,－,○,○,－,－,○,必要,不要,○,○,○,○,－,○,－,－,○,○,○,○,－,－
184,尾山台すくすくクリニック,158-0082,世田谷区等々力２－１－１３　ヤクワビル２Ｆ,35.6044,139.6521,03-5758-3836,精神科,○,○,○,○,－,－,－,○,○,○,－,－,○,○,○,－,○,－,－,－,－,－,－,－,○,○,○,○,○,○,－,－,○,必要,不要,○,○,○,－,○,－,－,初診は月、火、水、金の日中のみ。,－,－,－,－,－,－
185,どんぐり発達クリニック,157-0062,世田谷区南烏山４－１４－５　世田谷テラス１Ｆ,35.6702,139.6005,03-5314-3288,小児神経科・児童精神科,○,○,○,○,－,－,－,○,○,○,－,－,○,○,○,"○
（ペアトレ）",○,－,－,○,○,－,－,－,○,○,○,○,○,－,－,－,○,必要,できれば必要,○,○,○,－,○,○,－,紹介状は前医がある場合できれば必要。初診予約は毎月16日、あるいは休日の場合は翌診察日,－,－,－,－,－,－
186,医療法人南陽会たむらメンタルクリニック,157-0062,世田谷区南烏山５－１６－１　第２三沢ビル２Ｆ,35.6671,139.602,03-5313-0677,精神科・心療内科,○,○,－,－,－,－,－,－,－,－,○,○,－,－,－,－,○,－,－,－,－,"○
（連携）",－,検査は出来ないので、診察のみの対応となります。,○,○,－,－,○,－,－,－,○,必要,必要,○,○,○,○,○,○,－,－,－,－,－,－,－,－
187,千歳烏山メンタルクリニック,157-0062,世田谷区南烏山６－４－２９　４Ｆ,35.6685,139.6003,03-3308-8708,精神科,○,○,○,○,－,－,－,－,－,－,○,○,○,○,○,－,○,－,－,－,－,－,－,－,○,○,○,○,○,○,－,－,○,必要,必要,－,－,○,－,－,－,－,現在は行政機関と医師からの直接の依頼のみに対応しています。,－,－,－,－,－,－
188,尾山台心療クリニック,158-0086,世田谷区尾山台３－３４－５,35.6068,139.6534,03-6809-7669,心療内科,－,○,－,－,－,－,－,－,－,－,－,○,○,－,－,－,○,－,－,－,－,－,－,－,○,○,○,－,○,－,－,－,○,不要,不要,○,－,○,○,○,○,－,－,－,－,－,－,－,－
189,医療法人社団リカバリーこころのホームクリニック世田谷,157-0061,世田谷区北烏山３－５－９　日栄ビル２０１,35.6725,139.6003,03-6909-1218,精神科,○,○,－,－,－,－,－,－,－,－,○,○,－,－,○,－,○,－,－,－,－,○,－,－,○,○,○,○,○,○,－,－,○,必要,必要,○,○,－,－,－,－,－,精神科在宅医療が中心のため、訪問可能な居住地の制限があります。心理検査は当院で実施していません。,－,－,－,－,－,－
190,大見山クリニック,150-0013,渋谷区恵比寿１－９－７　ＩＴＯＸビル６Ｆ,35.6469,139.7113,03-5798-3458,心療内科、精神科,○,○,－,－,－,－,－,－,－,－,○,○,○,○,○,－,○,－,－,－,－,○,－,－,○,○,－,－,○,－,－,－,－,必要,不要,－,○,○,○,○,○,－,－,－,－,－,－,－,－
191,医療法人社団蒼峰会恵比寿山の診療所,150-0021,渋谷区恵比寿西１－１０－６　恵比寿ツインズ６０２号,35.6467,139.7079,03-6427-0690,精神科,○,○,－,－,－,－,－,－,－,－,○,○,－,－,○,－,○,－,－,－,－,○,－,－,○,○,○,－,○,－,－,－,○,必要,不要,○,○,－,○,○,○,－,紹介状はどちらでも可。,－,－,－,－,－,－
192,あらいかずえクリニック,150-8691,渋谷区渋谷１－１０－３　スタープラザ青山１１Ｆ,35.6606,139.7051,03-3797-6677,精神科,－,○,－,－,－,－,－,－,－,－,－,○,○,－,－,－,○,－,－,－,－,－,○,障害者枠就労支援,○,○,－,－,－,－,－,－,○,必要,できれば必要,○,－,○,○,－,○,－,－,－,－,－,－,－,－
193,青山渋谷メディカルクリニック,150-0002,渋谷区渋谷１－２４－６　マトリックス・ツービル７Ｆ,35.6606,139.702,03-5464-5467,精神科,○,○,○,○,○,－,－,－,○,○,○,○,○,○,○,－,○,－,○,－,－,－,－,－,○,○,○,－,○,－,－,－,－,必要,必要,○,○,○,○,○,○,－,紹介状：△,－,－,－,－,－,－
194,橋本クリニック,150-0002,渋谷区渋谷１－８－８　新栄宮益ビル３Ｆ,35.6602,139.705,03-5464-2155,精神科・児童精神科,○,○,○,－,－,－,－,○,○,○,○,○,○,○,－,－,○,－,－,－,－,－,－,－,○,○,○,○,○,○,－,－,○,必要,できれば必要,－,○,○,○,－,－,○,当院の指定日に翌月分予約を開始。電話予約のみ対応。その他注意事項は当院HPをご参照ください。,－,－,－,－,－,－
195,医療法人社団ＳＥＲＥＮＴＥＭｅｄｉｃａｌＳｗｉｔｃｈｉｎｃｌｉｎｉｃ,150-0002,渋谷区渋谷１－９－５　高橋ビル３Ｆ,35.6604,139.7046,03-5778-3600,児童精神科,○,○,○,○,－,－,－,○,○,○,○,○,○,○,○,○,○,－,○,○,○,－,－,－,○,○,○,○,○,○,－,－,○,必要,必要,○,○,○,○,○,－,－,－,－,－,－,－,－,－
196,初台クリニック,151-0061,渋谷区初台１－７－７　Ｃｏｕｒｔ初台１Ｆ,35.6789,139.6873,03-6383-3414,精神科・心療内科,○,○,－,－,－,－,－,－,○,○,○,○,○,○,○,○,○,－,－,－,－,－,－,－,○,○,○,○,○,○,－,－,○,必要,不要,○,－,○,○,○,○,－,－,○,○,－,－,－,－
197,医療法人社団一友会ナチュラルクリニック代々木,151-0051,渋谷区千駄ケ谷５－２１－６　プラザＦ１ビル　７Ｆ,35.6828,139.7043,03-5363-1481,内科・心療内科,○,○,○,○,○,－,－,○,○,○,○,－,－,－,－,－,－,－,－,－,－,－,○,栄養療法（内容についてはお問い合わせください）,－,－,－,－,－,－,－,－,－,必要,不要,○,○,○,○,○,○,－,完全予約制です,－,－,－,－,－,－
198,花クリニック,151-0053,渋谷区代々木１－３８－１１,35.6826,139.7007,03-3375-1161,児童精神科,○,○,○,○,○,○,障害年金の診断書には初診から1年半必要な場合があります,○,○,○,○,○,○,○,○,○,○,－,－,○,－,－,－,－,○,○,○,○,○,○,－,－,○,必要,できれば必要,○,○,○,○,○,○,－,"・初診予約にはお時間を頂く場合があります。
・予約外と予約があります。
・小児科・内科併設",－,－,－,－,－,－
199,医療法人社団邦秀会代々木の森診療所,151-0053,渋谷区代々木１－５５－１０　学園ビル８Ｆ,35.6842,139.701,03-3320-0731,心療内科・精神科,○,○,○,○,○,－,－,－,○,○,○,○,○,○,○,－,○,－,○（ショートケア）,－,－,○,－,－,○,○,－,－,○,－,－,－,○,必要,必要,－,○,○,－,－,○,－,－,－,－,－,－,－,－
200,道玄坂しもやまクリニック,150-0043,渋谷区道玄坂１－１０－１９　糸井ビル４Ｆ,35.6574,139.6989,03-5428-6646,精神科・児童精神科,○,○,○,○,○,－,－,○,○,○,○,－,○,○,－,○,○,－,－,－,－,－,－,－,○,○,○,○,○,○,－,－,○,必要,必要,－,－,－,－,○,－,○,高校生以下の児童のみ対象です。成人の発達障害は診ていません。,－,－,－,－,－,－
201,渋谷もりやクリニック,150-0043,渋谷区道玄坂１－１８－５　２Ｆ,35.6573,139.6966,03-3780-8005,精神科,－,○,－,－,－,－,－,－,－,－,○,○,○,○,－,－,○,－,－,－,－,－,－,－,○,○,－,－,－,－,－,－,－,必要,不要,－,○,－,○,○,－,－,－,－,－,－,－,－,－
202,はたがやメンタルクリニック,151-0072,渋谷区幡ケ谷３－２－８,35.6802,139.6765,03-3320-8690,精神科・心療内科,○,○,－,－,○,－,－,－,○,○,○,○,○,○,○,－,○,－,－,－,－,－,－,－,○,○,○,○,○,○,－,－,○,必要,不要,－,○,○,○,○,－,－,－,－,－,－,－,－,－
203,医療法人社団ｍＨＩ市橋クリニック,151-0063,渋谷区富ケ谷１－１３－９　フォンテ西原宿４Ａ,35.6674,139.6912,03-5454-1849,精神科,○,○,－,○,－,－,－,－,○,○,○,○,○,○,○,－,○,－,○,－,－,－,－,－,○,○,○,－,○,○,－,－,○,必要,出来るだけ必要,○,○,○,－,○,－,－,－,－,－,－,－,－,－
204,こころの診療きたむら醫院,151-0063,渋谷区富ケ谷２－２６－３　リバーランドハウスＡ棟,35.6639,139.6837,03-5738-8370,精神科,○,○,－,－,－,－,－,○,○,○,○,○,○,○,○,○,－,－,－,－,－,○,－,－,－,－,－,－,○,○,－,－,－,必要,不要,－,－,－,○,○,○,－,－,○,○,－,－,－,－
205,医療法人社団樹仁会森医院,151-0071,渋谷区本町２－６－９　森ビル１Ｆ,35.6829,139.6833,03-3377-4077,内科・外科・小児科・アレルギー科・消化器科・胃腸科・肛門科・循環器科・呼吸器科・皮膚科,○,○,○,○,○,－,－,○,○,○,○,○,－,－,－,－,○,－,－,－,－,○,－,－,－,－,－,－,－,－,－,－,○,必要,必要,○,○,○,－,○,○,－,－,－,－,－,－,－,－
206,後藤クリニック,164-0003,中野区東中野３－１１－６　誠屋ビル２Ｆ,35.7082,139.6822,03-3371-6665,心療内科・精神科,○,○,－,－,－,－,－,－,－,－,○,○,○,○,○,－,○,－,－,－,－,－,－,－,○,○,－,－,○,－,－,－,○,必要,必要,○,○,○,－,○,○,○,紹介状はあればよいが、なくても可,－,－,－,－,－,－
207,新中野ＦＫクリニック,164-0012,中野区本町６－１６－１２　新中野ＦＫビル５Ｆ,35.6972,139.6664,03-3229-2169,精神科,－,○,－,－,－,－,－,－,－,－,－,○,○,○,○,－,○,－,－,－,－,－,－,－,○,○,－,－,○,－,－,－,○,必要,必要,○,○,○,－,○,○,－,－,－,－,－,－,－,－
208,医療法人社団シンイ会大倉診療所,164-0013,中野区弥生町２－１２－４　さすらビル１Ｆ,35.6924,139.6753,03-5351-8388,精神科,○,○,－,－,－,－,－,－,○,○,○,○,－,－,○,－,○,－,－,－,－,－,－,－,○,○,－,－,○,－,－,－,－,必要,必要,－,○,○,○,○,○,－,完全予約制。確定診断まではできませんので紹介状が必要。火曜は午後2時より。水～土は午前9時～12時。午後2時～8時（予約は7時まで）,－,－,－,－,－,－
209,医療法人社団円祐会塩入医院,166-0004,杉並区阿佐谷南３－１－２３　第五進和ビル２Ｆ,35.7013,139.6358,03-6915-1061,精神科・心療内科,○,○,－,－,－,－,－,－,－,○,○,○,○,－,－,－,○,－,○,－,－,○,－,－,○,○,○,－,○,○,－,－,○,必要,必要,○,○,○,○,○,○,－,－,－,－,－,－,－,－
210,医療法人社団野崎クリニックはるの・こころみクリニック,166-0004,杉並区阿佐谷南３－３７－１３　大同ビル３階３０６号,35.7045,139.6357,03-5335-7907,精神科・心療内科,○,○,－,○,－,－,－,－,－,－,－,○,○,○,○,－,－,－,－,－,－,○,－,－,○,○,－,－,○,－,－,－,○,必要,必要,－,－,○,○,○,－,－,－,○,○,－,－,－,－
211,子ども心と育ちのクリニック,168-0064,杉並区永福３－５１－１３　永福ニューハウジング２０６,35.6789,139.638,03-6379-2509,小児精神科,○,○,○,○,○,－,－,○,○,○,－,－,○,○,○,－,○,－,－,－,－,－,－,－,－,○,－,－,－,－,－,－,－,必要,不要,○,○,○,○,○,－,－,－,－,－,－,－,－,－
212,医療法人社団東京愛成会メンタルクリニックおぎくぼ,167-0051,杉並区荻窪５－２７－５　中島第二ビル４階,35.7041,139.6198,03-5347-5761,精神科,○,○,－,○,－,－,－,－,－,○,○,○,○,－,○,－,○,－,－,－,－,－,－,－,○,○,－,－,○,○,－,－,－,必要,必要,○,○,○,－,○,○,－,他院に行っている場合紹介状が必要。,－,－,－,－,－,－
213,石川小児科医院,167-0022,杉並区下井草２－１０－７,35.7202,139.631,03-3390-3671,心療内科・精神科,○,○,－,○,－,－,－,○,○,○,○,○,○,－,－,－,○,－,－,－,－,－,－,－,○,○,－,○,○,－,－,－,－,必要,不要,－,－,－,－,－,○,－,隔週土曜診療,－,－,－,－,－,－
214,円メンタルクリニック,166-0003,杉並区高円寺南２－２１－６　１２紀州ビル１Ｆ,35.7005,139.6476,03-5929-7366,精神科・心療内科,－,○,－,－,－,－,－,－,－,－,○,○,○,－,－,－,○,－,－,－,－,－,－,－,○,○,○,－,○,○,－,－,○,必要,必要,○,○,－,○,○,○,－,必ず電話で予約をお願いいたします。,－,－,－,－,－,－
215,医療法人財団岩尾会メンタルクリニックいわお,167-0042,杉並区西荻北３－１８－１２,35.7047,139.5993,03-3399-8765,精神科,○,－,－,－,－,－,－,－,－,○,○,○,○,○,－,－,○,－,－,－,－,－,－,－,○,○,－,－,○,－,－,－,○,必要,必要,○,○,○,○,○,－,－,－,－,－,－,－,－,－
216,ひまわりメンタルクリニック,167-0032,杉並区天沼３－２－６　トヨタマ駅前ビル５Ｆ,35.7054,139.6215,03-5347-7871,精神科,○,○,－,○,○,－,－,－,－,－,－,○,○,－,－,－,○,－,－,－,－,－,－,－,○,○,○,○,○,○,－,－,○,必要,必要,○,○,－,－,○,○,○,－,－,－,－,－,－,－
217,多田小児クリニック,166-0012,杉並区和田１－１９－５　新村ビル１Ｆ,35.6913,139.6665,03-3380-0415,小児科・小児心療内科,○,○,○,○,○,○,二次障害,○,○,○,○,○,○,○,○,－,○,－,－,－,－,－,○,25歳ぐらいまで。ただし初診は中学3年生まで。その他に遊戯療法を実施。,－,－,－,－,－,－,－,－,○,必要,必要,－,－,○,－,－,－,－,紹介状はあった方が良い。初診の方は必ずお電話で予約を取ってください。,－,－,－,－,－,－
218,医療法人社団榎会榎本クリニック,171-0021,豊島区西池袋１－２－５,35.7278,139.7091,03-3982-5321,精神科,○,○,－,○,－,－,－,－,－,○,○,○,○,○,○,－,○,－,○,－,－,－,－,－,○,○,○,－,○,○,－,－,○,必要,必要,○,－,－,－,－,－,－,基本的に月曜日の午後。他の曜日は要相談。,－,－,－,－,－,－
219,櫻和メンタルクリニック,170-0002,豊島区巣鴨１－１９－１２　八木下ビル３Ｆ,35.7318,139.7401,03-5319-1908,精神科・児童精神科,○,○,－,○,○,－,－,○,○,○,○,○,○,○,○,○,○,－,○,－,○,○,○,小学生SST,○,○,○,○,○,○,－,－,○,必要,不要,○,○,○,○,○,○,－,前医がある場合は紹介状があることが望ましい（なくても可）,○,○,－,－,－,－
220,医療法人社団利田会周愛巣鴨クリニック,170-0002,豊島区巣鴨１－２７－２,35.7323,139.7383,03-6902-1451,精神科,○,○,－,－,－,－,－,－,－,－,○,○,○,○,○,－,○,－,－,－,－,○,－,－,○,○,○,○,○,○,－,－,○,必要,不要,○,○,○,○,○,－,－,紹介状は前医がある方は必要。コンサータを処方されている方は月曜のみ（H30年4月現在）,－,－,－,－,－,－
221,医療法人社団求林会クリニック西川,170-0005,豊島区南大塚２－４５－９ヤマナカヤビル１階,35.7306,139.7298,03-5395-0721,精神科,○,○,－,－,－,－,－,－,－,－,○,○,○,○,○,－,○,－,－,－,－,○,－,－,○,○,－,－,○,○,－,－,○,必要,必要,○,○,○,－,○,○,－,月、火、水、金は午前は10時～13時、午後は15時～17時、土曜は10時から15時,－,－,－,－,－,－
222,医療法人社団榎会新大塚榎本クリニック,170-0005,豊島区南大塚３－１１－９,35.7283,139.729,03-6907-8061,精神科,○,○,○,－,－,－,－,－,－,－,○,○,－,－,－,－,○,－,○,－,○,－,－,－,－,○,－,－,－,－,－,－,○,必要,必要,○,○,－,○,○,－,－,－,－,－,－,－,－,－
223,全国療育相談センター,170-0005,豊島区南大塚３－４３－１１,35.729,139.7289,03-5927-1280,小児科・児童精神科,○,○,○,○,－,○,知的障害,○,○,○,○,○,○,○,○,－,○,－,－,○,－,－,－,－,○,○,○,○,○,○,－,－,－,必要,不要,○,○,○,○,－,－,－,水曜は午前中のみ,－,－,－,－,－,－
224,大塚・栄一クリニック,170-0005,豊島区南大塚３－４５－５　サンユースビル１Ｆ,35.7294,139.7285,03-3987-8110,精神科,－,○,－,－,－,－,－,－,－,－,－,○,○,－,○,－,○,－,－,－,－,○,－,－,○,○,○,○,○,○,－,－,○,必要,必要,○,○,－,○,－,○,－,－,○,○,－,－,－,－
225,目白ＭＭクリニック,171-0031,豊島区目白３－４－１２　Ｅ＆Ｋビル５Ｆ,35.7218,139.7059,03-6915-3250,精神科,○,○,－,－,－,－,－,－,－,－,○,○,○,－,－,－,○,－,－,－,－,○,－,－,○,○,○,○,○,○,－,－,○,必要,できれば必要,○,○,－,○,○,○,－,－,○,○,－,－,－,－
226,王子こころのクリニック,114-0002,北区王子１－５－３　ＡＲビル５Ｆ,35.7537,139.739,５９０２-７８８８,心療内科・精神科,－,○,－,－,－,－,－,－,－,－,－,○,○,○,－,－,○,－,－,－,－,－,－,－,○,○,○,－,－,－,－,－,○,必要,不要,－,○,○,○,○,－,－,お電話で受診可否を判断させていただくことがございます。また、当院で対応困難な場合、他院をご紹介することがございます。,－,－,－,－,－,－
227,医療法人社団康優会染谷メンタルクリニック,114-0002,北区王子２－１２－１２　松尾ビル１Ｆ,35.7562,139.7362,03-5959-8511,精神科,○,○,－,－,－,－,－,－,－,○,○,○,○,○,○,－,○,－,－,－,－,○,－,－,○,○,○,－,○,○,－,－,○,必要,必要,○,○,－,○,○,○,－,－,－,－,－,－,－,－
228,おひさまクリニック小児科・耳鼻咽喉科,114-0034,北区上十条１－１９－８,35.7594,139.723,03-6454-3511,小児科,○,○,－,○,○,－,－,○,○,○,○,－,－,－,－,－,○,－,－,－,－,－,－,－,－,－,－,－,－,－,－,－,－,必要,不要,－,○,○,○,○,－,－,水曜は午前のみ,○,○,－,－,－,－
229,十条こどもクリニック,114-0034,北区上十条３－２２－８　エクセル千葉１０１号室,35.7615,139.7178,03-5948-6386,小児科・神経小児科,○,○,－,○,－,－,－,○,○,○,－,－,○,－,－,－,○,－,－,－,－,－,－,－,○,○,○,○,－,－,－,－,－,不要,不要,－,○,○,○,－,－,－,近くにお住まいの方（北区・板橋区）のみ,－,－,－,－,－,－
230,医療法人社団利田会周愛利田クリニック,114-0016,北区上中里３－６－１３,35.7504,139.7485,03-3911-3050,精神科,○,○,－,－,－,－,－,－,－,－,○,○,○,○,○,－,○,－,○,－,－,○,－,－,○,○,○,－,○,○,－,－,○,必要,不要,○,○,○,○,○,－,－,－,－,－,－,－,－,－
231,一般財団法人小峰研究所小峰クリニック,114-0024,北区西ケ原３－２－１-１１３,35.7448,139.743,03-3910-2104,精神科,○,○,－,－,－,－,－,－,○,○,○,○,○,－,－,－,－,－,－,－,－,○,－,－,○,○,○,○,○,○,－,－,○,不要,不要,○,○,－,○,－,○,－,－,－,－,－,－,－,－
232,医療法人社団よつば会赤羽駅前心療内科,115-0045,北区赤羽１－１９－７　葵ビル１０１,35.7806,139.7199,03-3901-3710,精神科,○,○,○,－,－,－,－,－,－,○,○,○,○,○,○,－,○,－,－,－,－,○,－,－,○,○,○,○,○,○,－,－,○,必要,不要,○,○,○,○,○,○,－,現在受付休止中。再開時期未定。,－,－,－,－,－,－
233,赤羽メンタルクリニック,115-0055,北区赤羽西１－１５－１７　ゲノムハウス１Ｆ,35.7764,139.72,03-3905-2317,精神神経科,－,○,－,－,－,－,－,－,－,○,○,○,○,－,－,－,○,－,－,－,－,○,－,－,○,○,－,－,○,－,－,－,○,必要,必要,○,○,○,○,○,○,○,紹介状はあった方が良いが、無理であればなくても応じています。,－,－,－,－,－,－
234,医療法人社団医栄会赤羽田中クリニック,115-0055,北区赤羽西１－３９－６－２０１,35.7786,139.7189,03-3905-7001,精神科,○,○,－,－,－,－,－,－,－,－,－,○,○,○,○,－,○,－,－,－,－,－,－,WAIS-Ⅲは対応していません。,○,○,○,－,○,○,－,－,○,必要,必要,○,○,－,○,○,○,－,紹介状は前医があれば必要,－,－,－,－,－,－
235,医療法人社団健森会赤羽こころの森クリニック,115-0044,北区赤羽南１－９－１１　赤羽南ビル３Ｆ,35.7779,139.7225,03-5939-7257,精神科・心療内科・内科,－,○,○,－,－,－,－,－,－,○,○,○,○,○,○,－,○,－,－,－,－,－,－,－,○,○,○,－,○,○,－,－,－,必要,必要,－,○,○,○,○,○,－,入口が狭く、車いすでの来院は困難です。待合室がせまいため、大人数での受診はご容赦下さい。,－,－,－,－,－,－
236,公益社団法人発達協会王子クリニック,115-0044,北区赤羽南２－１０－２０,35.7743,139.7229,03-3903-3311,神経小児科・精神科,○,○,△,○,○,－,LDの継続指導はできないが、評価は可能,○,○,○,△,△,○,○,－,－,○,－,－,○,－,○,－,高校生以上は知的障害のない方の初診は受けていない。,○,○,○,○,○,○,－,－,－,必要,どちらでも,○,○,○,○,○,－,－,3か月に一度予約日有。その日に電話していただく。なかなか予約を取るのは難しい。,－,－,－,－,－,－
237,城北診療所,115-0052,北区赤羽北２－１９－１,35.7828,139.7039,03-3907-1523,精神科,－,○,－,－,－,－,－,－,－,－,－,○,○,－,－,－,○,－,－,－,－,－,－,－,○,○,－,－,○,－,－,－,－,必要,必要,○,○,○,○,－,－,－,月、火、木の午前、水の午前、午後の診療時間内,－,－,－,－,－,－
238,車庫前こころのクリニック,116-0011,荒川区西尾久７－５０－６　三博ビル１Ｆ,35.75,139.7515,03-5855-0303,精神科,○,○,－,－,－,－,－,－,－,○,○,○,○,○,○,－,○,－,－,－,－,－,－,－,○,○,○,○,○,○,－,－,○,必要,不要,○,○,○,○,○,－,○,－,－,－,－,－,－,－
239,医療法人社団讃友会あべクリニック,116-0014,荒川区東日暮里６－６０－１０　日暮里駅前中央ビル５Ｆ,35.7287,139.7726,03-5810-7808,精神科,○,○,○,○,○,－,－,－,－,○,○,○,○,○,○,－,○,－,○,－,－,○,－,－,○,○,○,○,○,○,－,－,○,必要,なるべく必要,○,○,○,○,○,○,－,－,－,－,－,－,－,－
240,すずきクリニック,116-0012,荒川区東尾久４－２９－１６　サンライズビル１０１,35.7431,139.7669,03-5901-9179,精神科・心療内科,○,○,－,－,－,－,－,－,－,○,○,○,－,－,○,－,○,－,－,－,－,－,－,－,○,○,○,－,○,－,－,－,○,必要,必要,○,○,○,－,○,－,－,－,－,－,－,－,－,－
241,ときわ台はしもと小児科アレルギー科,174-0071,板橋区常盤台１－２－３　新光常盤台ビル３Ｆ,35.7593,139.6899,03-6454-5415,小児科,○,○,○,○,○,－,－,○,○,○,－,－,○,－,－,－,○,－,－,－,－,－,－,－,－,－,－,－,－,－,－,－,－,不要,不要,－,－,－,○,－,－,－,予約不要だが、あらかじめ電話連絡が望ましい,－,－,－,－,－,－
242,北原クリニック,175-0092,板橋区赤塚７－４－１７,35.7739,139.6483,03-3939-0383,小児科・内科,－,○,－,○,－,－,－,－,○,○,○,○,○,－,－,－,○,－,－,－,－,－,－,－,－,○,○,－,－,－,－,自立支援医療診断書は主にてんかん,○,不要,不要,○,○,－,○,○,－,－,心理検査などは他機関に依頼することになります。,－,－,－,－,－,－
243,医療法人社団心翠会布施クリニック,173-0024,板橋区大山金井町５２－６　柳沢ビル２０１,35.7471,139.7022,03-5965-6097,精神科・心療内科,－,－,－,－,－,○,要相談,－,－,－,－,○,○,－,－,－,○,－,－,－,－,○,－,精神科訪問看護、訪問診療,○,○,○,－,○,○,－,成年後見用診断書は医師との相談とはなります。,○,必要,必要,－,○,○,○,○,○,－,診察日は外来、訪問診療で異なりますので、必ず事前に電話で相談ください。前医がある際は原則紹介状必要となります。難しい場合は事前にご相談ください。,－,－,－,－,－,－
244,鈴木医院,173-0023,板橋区大山町１０－１０,35.7476,139.7013,03-3956-1788,小児科,○,○,－,－,－,－,－,○,○,○,－,－,－,－,－,－,○,－,－,－,－,－,－,心理士がいないため、診断は難しいが診断のある方の対応はしています。,－,－,－,－,－,－,－,－,－,不要,不要,○,○,○,○,○,－,－,－,－,－,－,－,－,－
245,平山医院,174-0064,板橋区中台１－４６－３,35.7681,139.6771,03-3932-3598,小児科・内科,○,○,○,○,○,－,－,○,○,○,○,○,○,○,○,－,○,－,－,－,－,○,－,－,－,－,－,－,－,－,－,－,○,不要,不要,○,○,○,○,○,○,－,－,－,－,－,－,－,－
246,ねづクリニック,174-0042,板橋区東坂下２－３－６　メゾン太陽１０１,35.7825,139.6889,03-5914-0236,小児科・内科,○,○,○,○,○,－,－,○,○,○,○,○,△,○,○,○,○,－,－,－,－,－,－,－,－,－,○,○,－,－,－,－,○,必要,できれば必要,○,○,○,－,○,○,－,土曜は午前のみ,○,○,－,－,－,－
247,医療法人社団仁恕会メンタルクリニックいたばし,173-0004,板橋区板橋１－２１－５　１Ｆ・２Ｆ,35.7473,139.7185,03-3961-9603,精神科,○,○,○,○,－,－,－,○,○,○,○,○,○,○,○（自費）,－,○,－,○（ナイトケア）,－,－,－,－,－,○,○,○,○,○,○,－,－,○,必要,前医があれば必要,○,－,○,○,○,－,－,－,－,－,－,－,－,－
248,板橋区役所前こどもクリニック,173-0004,板橋区板橋３－１４－１　メディアコンプレックスビル１Ｆ,35.7511,139.712,03-3963-1230,小児科,○,○,－,○,○,－,－,○,○,○,○,－,○,－,－,－,○,－,－,－,－,－,－,－,－,－,－,－,－,－,－,－,○,必要,不要,○,○,－,○,○,－,－,相談は受けていますが、心理士不在にて検査やカウンセリングは不能。初期の振り分け対応が可能。,－,－,－,－,－,－
249,江古田みずのクリニック,176-0006,練馬区栄町３２－１３　スワースモアＮ１Ｆ,35.7383,139.6721,03-6914-6475,精神科,○,○,－,○,－,－,－,－,○,○,○,○,○,－,－,－,○,－,－,－,－,－,○,養育者への対応,○,○,－,－,○,○,－,－,○,必要,必要,○,○,○,－,○,－,－,ネットの初診予約ページまたは電話予約。,○,○,－,－,－,－
250,佐藤メンタルクリニック,176-0006,練馬区栄町３４－７　　クイーンズコート２０１,35.7387,139.6709,03-3557-8363,精神科,○,○,○,○,○,○,小児神経症、不登校,○,○,○,○,○,○,－,○,－,○,－,－,－,－,－,－,－,○,○,○,○,○,○,－,－,○,必要,不要,○,○,○,－,○,○,－,－,○,○,－,－,－,－
251,医療法人社団弘和会歌橋医院,176-0021,練馬区貫井４－２５－３１,35.7428,139.6271,03-3999-6767,内科・小児科,○,○,○,－,－,－,－,○,○,○,○,○,○,－,－,－,○,－,－,－,－,－,－,－,－,－,－,－,－,－,－,－,○,必要,必要,○,○,○,－,○,－,－,予約は可能ならば必要,－,－,－,－,－,－
252,医療法人社団仁風会青葉クリニック,177-0053,練馬区関町南１－１－２４　テラスアパートメントアオバ１０１,35.7194,139.5942,03-3920-1111,精神科,－,○,－,－,－,－,－,－,－,－,－,○,○,－,○,－,○,－,－,－,－,－,－,－,○,○,○,－,○,－,－,－,○,必要,必要,○,－,－,－,－,○,－,－,－,－,－,－,－,－
253,医療法人社団健志会飯島医院,179-0072,練馬区光が丘７－３－６,35.7567,139.6248,03-3976-6087,小児科,○,○,○,○,－,－,－,○,○,○,－,－,○,○,○,－,○,－,－,－,－,○,－,－,○,－,○,○,○,－,－,－,○,必要,不要,○,○,○,－,○,○,－,心理士による検査、フィードバック、カウンセリング等は月・水のみ,－,－,－,－,－,－
254,かわはらメンタルクリニック,179-0075,練馬区高松５－１８－４　サンフラワー大門光が丘１Ｆ,35.7609,139.6216,03-6913-1523,精神科,○,○,－,－,－,－,軽度のみ,－,－,－,－,○,○,○,○,－,○,－,－,－,－,－,－,－,○,○,○,○,○,○,－,－,○,必要,必要,○,○,○,－,－,－,－,紹介状は前医があれば必要,－,－,－,－,－,－
255,神山医院,177-0033,練馬区高野台５－２１－１８,35.7473,139.6115,03-3996-0344,内科,－,○,－,－,－,－,－,－,－,－,－,○,－,－,－,－,○,－,－,－,－,－,－,－,－,－,－,－,－,－,－,－,○,必要,必要,－,○,－,○,－,－,－,火曜、木曜の午後にのみ受診されて下さい。,－,－,－,－,－,－
256,医療法人社団慶裕会石神井公園クリニック,177-0041,練馬区石神井町３－１９－１６　ＭＳＰ２ビル２Ｆ,35.7429,139.6057,03-3997-7323,精神科,○,○,○,○,○,－,－,－,○,○,○,○,○,○,○,○,○,－,－,－,－,○,－,－,○,○,○,○,○,○,－,－,○,必要,必要,○,○,○,○,○,○,－,完全予約制,－,－,－,－,－,－
257,石神井公園ひろクリニック,177-0041,練馬区石神井町３－３０－３　岡本ビル１Ｆ,35.7433,139.6036,03-5923-7202,脳神経内科,－,－,○,○,－,－,－,－,－,○,○,○,○,○,－,－,○,－,－,－,－,○,－,－,○,○,○,－,○,○,－,－,○,必要,必要,○,○,○,－,○,○,－,－,－,－,－,－,－,－
258,医療法人社団翠会こころのクリニック石神井,177-0041,練馬区石神井町４－３－１６,35.7445,139.6045,03-3997-3070,精神科・神経科・心療内科,○,○,○,－,－,－,－,－,－,－,○,○,○,○,－,－,○,－,－,－,－,－,－,－,○,○,○,○,○,○,－,－,－,必要,必要,－,○,－,－,－,－,－,－,－,－,－,－,－,－
259,野口クリニック,177-0032,練馬区谷原５－２７－５,35.7533,139.6077,03-5387-1105,小児科,○,○,○,○,○,○,言語発達遅滞・小児の構音障害,○,○,－,－,－,○,○,－,－,○,－,－,○,－,○,－,－,－,－,○,○,－,－,○,愛の手帳交付用診断書,○,必要,不要,－,○,○,－,－,－,－,火曜、水曜15時～16時。火曜、水曜は医師による診察,－,－,－,－,－,－
260,手塚医院,176-0025,練馬区中村南３－１５－２,35.7278,139.64,03-3990-9970,小児科・内科,－,○,－,－,－,－,－,○,○,○,○,○,○,－,－,－,－,－,－,－,－,－,－,－,－,－,－,－,－,○,－,－,○,不要,必要,○,○,○,○,○,○,－,－,－,－,－,－,－,－
261,大泉学園こども・思春期クリニック,178-0063,練馬区東大泉６－４７－１８　ドクターズポート大泉学園,35.7479,139.5833,03-5935-7861,小児科・思春期小児科,○,○,○,○,－,－,－,○,○,○,○,○,－,○,○,－,－,－,－,－,－,－,－,－,－,－,－,－,－,－,－,－,－,必要,不要,－,○,○,－,－,－,－,－,－,－,－,－,－,－
262,ひかりクリニック,176-0012,練馬区豊玉北６－３－３　３０２号,35.7361,139.6524,03-5946-9979,小児科・総合内科,○,－,－,－,－,－,－,－,○,○,○,○,○,－,○,－,○,－,－,－,－,－,－,－,－,－,－,－,－,○,－,－,○,必要,必要,－,○,○,－,○,－,－,－,○,○,○,－,－,－
263,医療法人社団柔和会藤澤こどもクリニック,176-0012,練馬区豊玉北６－６－６,35.7344,139.6525,03-3557-7950,小児科,○,○,○,○,○,－,－,○,○,○,○,○,○,○,○,○,○,－,－,－,－,－,－,－,－,○,－,－,－,－,－,－,○,必要,必要,○,○,○,○,○,○,－,－,○,○,－,－,－,－
264,津久井小児科内科医院,179-0081,練馬区北町６－２７－２３,35.7605,139.6541,03-3937-1151,内科・小児科,○,○,－,－,－,○,専門医への紹介,－,○,○,○,○,○,－,○,－,○,－,－,－,－,○,－,－,－,○,○,－,－,○,－,－,○,不要,不要,○,○,○,○,○,○,－,火曜、木曜、土曜は午前のみ。,－,－,－,－,－,－
265,まちどりクリニック,120-0005,足立区綾瀬３－６－２,35.7634,139.8241,03-5673-0555,精神科,○,○,○,○,○,－,－,○,○,○,○,○,○,○,○,－,○,－,－,－,－,○,○,当事者集団療法,○,○,○,○,○,－,－,－,○,必要,必要,○,－,○,－,－,－,－,初診可能な曜日は状況によります。第1水曜日のPM2：00より翌月の予約枠（10名程度）の受付をいたします。（2台の電話で15分ほどで埋まります）。,○,○,－,－,－,診察のみ
266,中西医院,123-0852,足立区関原３－４４－７,35.7722,139.7849,03-3852-1122,内科・小児科,－,○,－,－,－,○,自閉症,○,○,○,－,－,－,－,－,－,－,－,－,－,－,－,－,心療可能な年齢は15，16歳まで。,－,－,－,－,－,－,○,施設等への急性期疾患の回復証明書は対応可。,○,不要,不要,○,○,○,○,○,○,－,木曜、土曜は午前診のみ。ただし、第3土曜は休診。,－,－,－,－,－,－
267,医療法人社団継和会江北メンタルクリニック,123-0872,足立区江北１－３３－２３　ロイヤルＫＪ１Ｆ,35.7721,139.7701,03-5838-0797,精神科,○,○,○,○,－,－,－,○,○,○,○,○,○,－,－,－,○,－,－,－,－,○,－,－,○,○,○,○,○,－,－,－,○,必要,必要,○,○,○,－,○,○,－,紹介状は前医があれば必要,－,－,－,－,－,－
268,医療法人社団せき内科小児科クリニック,123-0843,足立区西新井栄町３－１７－５,35.7775,139.784,03-3886-2543,小児科・内科,－,○,－,－,－,○,夜尿症,○,○,○,○,○,○,－,－,－,○,－,－,－,－,－,－,－,－,－,－,－,－,－,－,－,－,不要,必要,○,○,－,○,○,－,－,－,－,－,－,－,－,－
269,医療法人社団慈正会天沼医院,121-0812,足立区西保木間４－５－１４－２,35.8013,139.7946,03-3883-8855,内科・小児科,○,○,○,－,－,－,－,○,○,○,○,○,－,○,－,－,－,－,－,－,－,－,○,専門医紹介,－,－,○,－,－,○,－,－,－,不要,不要,○,○,○,－,○,○,○,紹介状があれば望ましい,－,－,－,－,－,－
270,医療法人財団厚生協会北千住メンタルクリニック,120-0034,足立区千住３－９８　千住ミルディス２番館３Ｆ３０７,35.7522,139.8052,03-3881-7120,精神科・心療内科,○,○,－,－,－,－,－,－,－,○,○,－,○,○,－,－,○,－,－,－,－,－,－,－,○,○,－,○,○,－,－,－,○,必要,できれば必要,－,○,－,－,－,－,－,午後のみ,－,－,－,－,－,－
271,千住中央診療所,120-0031,足立区千住大川町３７－２,35.7556,139.798,03-3881-5378,精神科・心療内科,－,○,○,－,－,－,－,－,○,○,○,○,○,－,－,－,○,－,－,－,－,－,－,－,○,○,○,－,○,－,－,－,○,必要,必要,○,－,－,○,－,－,－,水曜・金曜に関しては診療時間内で対応できる時のみ,－,－,－,－,－,－
272,こじまこどもクリニック,121-0813,足立区竹の塚２－２０－８　竹の塚メディカルビル３Ｆ,35.7914,139.7965,03-5831-1300,小児神経内科,○,○,－,－,－,－,－,○,○,○,○,－,○,－,－,－,○,－,－,－,－,－,－,－,－,－,－,－,－,－,－,－,○,不要,必要,○,○,○,－,○,○,－,終了時間間際は避けてほしい,－,－,－,－,－,－
273,医療法人社団成仁医院,120-0002,足立区中川４－２９－１２,35.7704,139.8479,050-3734-5543,精神科,○,○,－,－,－,－,－,○,○,○,○,○,○,○,○,－,○,－,－,－,－,○,○,訪問診療,○,○,○,○,○,○,－,－,○,必要,必要,－,○,－,－,○,－,－,－,○,○,－,－,－,－
274,医療法人社団萌生会ひとみクリニック,124-0024,葛飾区新小岩１－４９－１０　第５デリカビル４Ｆ,35.7159,139.8602,03-3654-7571,心療内科・精神科,○,○,○,－,－,－,－,－,－,－,○,○,○,－,－,－,○,－,－,－,－,○,－,－,○,○,○,－,○,○,－,－,○,必要,必要,○,○,○,○,○,○,－,ただし、土曜日は第2、第4のみ,－,－,－,－,－,－
275,せきやま心療内科神経科医院,125-0062,葛飾区青戸３－３２－１３　中川ビル１階,35.7465,139.8548,03-5680-0628,精神科・心療内科,－,○,－,－,－,－,－,－,－,－,－,○,○,－,○,－,○,－,－,－,－,○,－,－,○,○,○,○,○,－,－,－,○,必要,必要,○,○,○,－,○,－,○,－,○,○,－,－,－,－
276,金町駅前心療内科かわせみクリニック,125-0041,葛飾区東金町１－４３－９　ＫＨＢｅ５ビル３Ｆ,35.7701,139.8713,03-3600-5550,心療内科・精神科,○,○,－,－,－,－,－,－,－,－,－,○,○,○,○,－,○,－,－,－,－,－,－,－,○,○,－,－,○,－,－,－,○,必要,不要,－,○,－,○,○,○,○,日曜は第2、第4日曜日のみ,－,－,－,－,－,－
277,東京都立東大和療育センター分園よつぎ療育園,124-0014,葛飾区東四つ木４－４４－１－１０１,35.7353,139.8414,03-5670-5131,小児科・内科,○,○,○,－,－,－,－,○,○,○,－,－,○,○,○,－,○,－,－,－,－,－,－,－,○,○,○,○,○,○,－,－,○,必要,必要,○,○,○,○,○,－,－,－,－,－,－,－,－,－
278,医療法人社団城東桐和会篠崎駅前にこにこクリニック,133-0061,江戸川区篠崎町２－７－１　イーストハイム篠崎１Ｆ,35.7067,139.9041,03-3677-7773,精神科,○,○,－,－,－,－,－,－,－,－,－,○,○,○,－,－,○,－,－,－,－,－,－,－,○,○,○,－,○,○,－,－,－,必要,必要,○,○,○,－,○,○,－,－,－,－,－,－,－,－
279,町沢メンタルクリニック,133-0057,江戸川区西小岩１－２７－２９　東京グランファースト２０６,35.7343,139.8827,03-3659-5671,精神科,○,○,－,○,－,－,－,－,○,○,○,○,○,－,○,－,○,－,－,－,－,－,－,－,○,○,○,－,○,－,－,－,○,必要,必要,－,○,○,－,○,○,－,－,○,○,－,－,－,－
280,葛西こころのクリニック,134-0084,江戸川区東葛西６－１－１７　第６カネ長ビル７０２号室,35.6618,139.8737,03-5878-0526,精神科,－,○,－,－,－,－,－,－,－,－,○,○,○,－,－,－,○,－,－,－,－,－,－,－,○,○,－,－,○,－,－,－,○,必要,必要,－,○,○,○,○,○,－,－,－,－,－,－,－,－
281,医療法人社団まめの木会まめの木クリニック,133-0052,江戸川区東小岩５－２０－５,35.7336,139.8885,03-3671-5360,精神科（児童・思春期）,○,○,○,○,○,○,児童思春期における神経症圏,○,○,○,○,－,○,○,○,○,○,－,－,－,－,－,－,初診は中学生まで。高校生は継続の必要のある人。,○,○,－,○,○,－,－,－,○,必要,不要,○,○,－,○,○,○,－,－,－,－,－,－,－,－
282,医療法人社団広洋会ほしの小児科クリニック,133-0056,江戸川区南小岩３－２８－１,35.7271,139.8877,03-5612-2205,小児科,○,○,○,○,○,－,－,○,○,○,○,－,○,○,○,－,－,－,－,－,－,－,－,－,－,－,○,○,－,－,－,－,－,不要,不要,○,○,○,　,○,○,－,土曜は午前のみ,○,○,－,－,－,－
283,玉置医院,133-0056,江戸川区南小岩３－８－１,35.7252,139.8853,03-3657-0266,小児科・内科,○,○,○,○,－,－,－,○,○,○,○,○,○,－,－,－,○,－,－,－,－,－,－,－,－,○,○,○,○,○,－,－,○,必要,不要,○,○,○,○,○,○,－,－,○,○,－,－,－,－
284,医療法人社団萌生会小岩ひとみクリニック,133-0056,江戸川区南小岩８－１１－１０　アメニティ・タナカ３０１号,35.7331,139.8846,03-6801-7623,心療内科、精神科,○,○,－,－,－,－,－,－,－,－,○,○,○,－,－,－,○,－,－,－,－,－,－,－,○,○,○,－,○,○,－,－,○,必要,必要,○,○,○,－,○,－,－,※紹介状は転院の場合のみ必要。,－,－,－,－,－,－
285,久田医院,132-0035,江戸川区平井１－２７－７,35.7025,139.8513,03-3681-0081,小児科,○,○,○,○,○,－,－,○,○,○,－,－,－,○,○,○,－,－,－,－,－,－,－,－,－,－,○,－,－,－,－,－,○,必要,不要,－,－,○,－,－,－,－,診断はしません。こどもの心相談医として出来る範囲内です。,－,－,－,－,－,－
286,台町クリニック,193-0931,八王子市台町3-24-26,35.6537,139.3201,042-621-6078,精神科,○,○,－,－,－,－,－,－,－,－,－,○,○,－,－,－,○,－,－,－,－,－,－,－,○,○,○,－,○,－,－,－,○,必要,必要,○,○,○,－,○,－,－,－,－,－,－,－,－,－
287,医療法人社団博朋会ひらかわクリニック,192-0083,八王子市旭町１０－１３－４Ｆ,35.657,139.34,042-642-8793,精神科,○,○,－,○,－,－,－,－,－,○,○,○,○,○,○,－,○,－,－,－,－,○,－,－,○,○,○,○,○,○,－,－,○,必要,必要,○,－,－,－,－,○,－,－,－,－,－,－,－,－
288,医療法人社団慈聖会鈴木診療所,192-0904,八王子市子安町２－１０－１４,35.65,139.3442,042-642-3923,小児科,○,○,○,○,○,－,一般的な診療まで,○,○,○,○,－,－,－,－,－,－,－,－,－,－,－,○,小児科なので診療ではなく相談まで。,－,－,－,－,－,－,－,－,－,必要,不要,○,○,－,－,○,－,－,－,○,○,－,－,－,－
289,望月クリニック,193-0821,八王子市川町１２８－１８３,35.6706,139.2723,042-651-2431,精神科,－,－,－,－,○,－,－,－,－,－,－,○,○,－,○,－,○,－,－,－,－,－,－,－,○,○,○,－,○,○,－,－,○,必要,不要,○,○,○,－,－,－,○,－,－,－,－,－,－,－
290,北野メンタルクリニック,192-0911,八王子市打越町３４４－６　カリヨンプラス３Ｆ,35.6447,139.3547,042-648-2229,精神科・心療内科,○,○,－,○,○,－,－,－,－,－,－,○,○,○,○,－,○,－,－,－,－,○,－,－,○,○,○,○,○,○,－,－,○,必要,必要,○,○,－,－,○,○,－,前医療機関がある場合紹介状が必要。,－,－,－,－,－,－
291,八王子中町メンタルクリニック,192-0085,八王子市中町５－１　八王子中町ビル３Ｆ　３０８,35.6579,139.3365,042-655-7321,精神科,○,○,○,○,○,－,－,－,○,○,○,○,○,○,○,－,○,－,－,－,－,－,－,－,○,○,○,○,○,○,－,－,○,必要,必要,○,○,○,－,○,－,○,－,○,○,－,－,－,－
292,医療法人社団まなと会はしもと小児科,193-0942,八王子市椚田町５５７－３,35.636,139.3065,042-668-8555,小児科,○,○,－,－,－,－,－,○,○,－,－,－,－,○,－,－,－,－,－,－,－,○,－,－,－,－,－,－,－,－,－,－,－,不要,不要,○,○,○,○,○,－,－,－,－,－,－,－,－,－
293,立川相互病院付属子ども診療所,190-0022,立川市錦町１－２３－２５　１Ｆ,35.6957,139.4222,042-525-6555,小児科,○,○,－,○,－,○,機能性構音障害,○,○,○,－,－,○,○,－,－,○,－,－,○,－,－,－,－,－,－,－,○,－,－,－,－,○,必要,不要,－,－,－,○,○,－,－,木曜は午前、午後、金曜は午後。,－,－,－,－,－,－
294,医療法人社団上杉会上杉クリニック,190-0023,立川市柴崎町２－１－８　第２中島ビル４Ｆ,35.6977,139.4111,042-529-5570,精神科、心療内科,○,○,－,－,－,－,－,－,○,○,○,○,○,○,－,－,○,－,○,－,－,－,－,－,○,○,○,－,○,○,－,－,○,必要,不要,○,○,○,○,○,○,－,－,－,－,－,－,－,－
295,立川パークサイドクリニック,190-0012,立川市曙町１－２８－１０　ウエストウィング２Ｆ,35.6999,139.4111,042-526-3105,精神科,○,○,○,－,－,－,－,－,－,○,○,○,○,○,○,－,○,－,－,－,－,－,－,－,○,○,○,○,○,○,－,－,－,必要,あれば尚可,－,－,○,－,○,○,－,初診予約は3か月に一度決まった日のみ受付（HP参照）,○,○,－,－,－,－
296,吉祥寺たかのメンタルクリニック,180-0004,武蔵野市吉祥寺本町２-１３-４　井野ビル３０１,35.7052,139.5769,0422-27-1077,心療内科・精神科,－,○,－,－,－,－,－,－,－,－,○,○,○,－,－,－,○,－,－,－,－,－,－,－,○,○,○,－,○,－,－,－,－,必要,不要,○,○,－,○,○,○,－,－,－,－,－,－,－,－
297,吉祥寺いろはメンタルクリニック,180-0003,武蔵野市吉祥寺南町１－１０－１０　Ｓビル２Ｆ,35.7023,139.5777,0422-29-8656,心療内科・精神科,○,○,－,－,－,－,－,－,－,○,○,○,○,○,○,－,○,－,－,－,－,－,－,－,○,○,○,－,○,○,－,－,○,必要,不要,○,－,○,○,－,○,－,初診は完全予約制です,－,－,－,－,－,－
298,吉祥寺こころの診療所,180-0004,武蔵野市吉祥寺本町１－１８－２　Ｍ－９吉祥寺ビル７Ｆ,35.7043,139.581,0422-27-1282,精神科,○,○,－,－,－,－,－,－,－,○,○,○,○,－,－,－,○,－,－,－,－,○,○,心理検査・カウンセリングは外部機関と連携している,○,○,○,－,○,－,－,－,○,必要,必要,○,－,－,○,○,○,－,－,－,－,－,－,－,－
299,野の花メンタルクリニック,180-0004,武蔵野市吉祥寺本町１－２１－２　グローリオ吉祥寺本町２０３,35.7054,139.5824,0422-28-1587,精神科,－,○,－,－,－,－,－,－,－,－,－,○,○,○,－,－,○,－,－,－,－,－,－,－,○,○,○,－,○,○,－,－,○,必要,必要,○,○,－,－,－,－,－,心理検査または診断を目的とした受診はお引き受けできません。,－,－,－,－,－,－
300,おざき心のクリニック,180-0004,武蔵野市吉祥寺本町１－３５－１４　ユニアス七井ビル２Ｆ,35.7037,139.5848,0422-20-5587,心療内科・精神科,○,○,○,○,○,－,－,○,○,○,○,○,○,○,○,－,○,－,－,－,－,○,○,男子は中3まで。その他に行っている診療は集団精神療法。,○,○,○,○,○,－,－,－,○,必要,できるだけ必要,○,○,○,－,○,○,－,－,－,－,－,－,－,－
301,むさしのメンタルクリニック,180-0022,武蔵野市境２－１４－８　アドニス・モリヤ１Ｆ,35.7025,139.5421,0422-53-5155,精神科,○,○,－,－,－,－,－,－,－,－,－,○,－,－,○,－,○,－,－,－,－,○,－,－,○,○,－,－,○,－,－,－,○,必要,必要,○,－,○,○,－,－,－,－,－,－,－,－,－,－
302,小川クリニック,181-0013,三鷹市下連雀３－３４－２２　ライオンズプラザ三鷹駅前２０１,35.7009,139.5608,0422-47-4545,精神科,○,○,－,○,－,－,－,－,○,○,○,○,○,－,－,－,○,－,－,－,－,○,－,－,○,○,○,－,○,－,－,－,○,不要,必要,○,○,－,○,○,○,－,－,－,－,－,－,－,－
303,医療法人社団千実会あきやま子どもクリニック,181-0012,三鷹市上連雀４－３－３　川口ビル１Ｆ,35.6964,139.559,0422-70-5777,小児科,○,○,○,－,○,－,－,○,○,○,－,－,○,○,○,－,○,－,－,－,－,－,－,－,○,－,－,○,－,－,－,－,－,必要,不要,○,○,○,○,○,－,－,－,－,－,－,－,－,－
304,中野クリニック,198-0036,青梅市河辺町５－２１－３　ベリテビル３０１号,35.7826,139.2866,0428-24-8771,精神科,○,○,－,○,－,－,－,－,－,○,○,○,○,－,－,－,○,－,－,－,－,○,○,通院精神療法,○,○,○,○,○,○,－,－,○,必要,必要,○,○,○,○,○,○,－,紹介状は前医のある場合必要,－,－,－,－,－,－
305,愛和診療所,183-0051,府中市栄町３－１２－１　メディカルグレイス１Ｆ,35.6876,139.4694,042-314-1551,精神科・小児科,○,○,－,－,－,－,－,○,○,○,○,○,○,－,－,－,○,－,－,－,－,○,－,－,○,○,－,－,○,○,－,－,○,必要,必要,○,○,○,－,○,○,－,－,－,－,－,－,－,－
306,メンタルクリニックあんどう,183-0022,府中市宮西町４－１２－１１　モア府中２Ｆ,35.6709,139.4752,042-367-8055,児童精神科,○,○,○,○,○,○,児童精神医学全般,○,○,○,－,－,○,－,○,－,○,－,－,－,－,○,－,－,○,○,－,○,○,－,－,－,○,必要,必要,○,○,○,○,－,○,－,初診のみ予約制。過去に治療を受けた医療機関がある場合は紹介状必要。,－,－,－,－,－,－
307,医療法人社団朋木会ささきクリニック,183-0023,府中市宮町１－３４－２　サンスクエアビル２０１,35.671,139.4832,042-365-9111,精神科,○,○,○,－,－,－,－,－,－,－,－,○,○,○,○,－,－,－,－,－,－,－,－,－,○,○,○,－,－,○,－,－,○,必要,必要,○,○,○,－,○,－,－,－,－,－,－,－,－,－
308,石田医院,183-0034,府中市住吉町５－１－４　Ｍビル２Ｆ・３Ｆ,35.6593,139.457,042-334-2223,精神科・小児神経科,○,○,○,○,○,－,－,－,○,○,○,○,○,○,○,○,○,－,－,－,－,○,－,－,○,○,○,○,○,○,－,－,○,不要,不要,○,○,○,－,○,○,－,初診は不要。2回目以降は要予約,○,○,－,－,－,－
309,医療法人社団東京愛成会たかつき第２クリニック,196-0014,昭島市田中町５６２－８　昭島昭和第１ビル北館２階Ｂ,35.7142,139.3606,042-549-0341,精神科(デイケアのみ）,－,－,－,－,－,○,応相談,－,－,－,－,○,－,－,－,－,－,－,○,－,－,－,－,基本的に20歳以上の方対象。それ以下の方は応相談。,－,－,－,－,－,－,－,－,－,必要,必要,○,○,○,○,○,－,－,－,－,－,－,－,－,－
310,医療法人社団佐々木こどもクリニック,182-0006,調布市西つつじケ丘３－３７－２－１０７,35.6589,139.575,042-487-2433,小児科,○,○,○,－,○,－,－,○,○,○,－,－,○,－,－,○,－,－,－,－,－,－,－,－,－,－,－,－,－,－,－,－,－,不要,必要,○,○,－,○,○,○,－,－,○,○,－,－,－,－
311,医療法人社団すずらん会くらしなクリニック,182-0002,調布市仙川町１－１２－４５　サンエービル２Ｆ,35.661,139.5849,03-5313-3781,精神科,○,○,○,－,－,－,－,－,－,－,△,○,○,○,○,－,○,－,－,－,－,－,－,－,○,○,○,－,○,－,－,－,○,必要,必要,○,－,○,○,○,○,－,－,○,○,－,－,－,英語対応は金曜日のみ
312,仙川駅前いたがきメンタルクリニック,182-0002,調布市仙川町１－１８－２　３１１０ビル３階,35.6619,139.5847,03-5315-5505,精神科,○,○,－,－,－,－,－,－,－,－,○,○,－,－,－,－,○,－,－,－,－,－,－,－,○,○,－,－,－,－,－,－,○,必要,必要,○,○,○,○,○,○,－,－,－,－,－,－,－,－
313,仙川ムラタクリニック,182-0002,調布市仙川町１－１９－１７　,35.6619,139.5858,03-5314-1630,精神科・心療内科,○,○,○,－,－,－,－,－,－,－,－,○,○,－,－,－,○,－,－,－,－,－,－,－,○,○,○,－,○,○,－,－,○,必要,必要,○,○,○,○,○,○,－,水曜・土曜は午前のみ,－,－,－,－,－,－
314,博愛医院,182-0024,調布市布田１－２６－１２　ダイアパレス調布５０１,35.6531,139.5457,042-440-8518,精神科,○,○,－,－,－,－,－,－,－,－,－,○,○,－,○,－,○,－,－,－,－,－,－,－,○,○,○,－,○,－,－,－,○,必要,不要,－,○,○,－,○,－,－,診断書作成は一定期間の通院を要する場合がある。,－,－,－,－,－,－
315,調布はしもとクリニック,182-0024,調布市布田１－４４－３　高橋ビル６０３,35.652,139.5453,042-486-7833,精神科,○,○,○,○,○,－,－,－,－,○,○,○,○,○,○,－,○,－,－,－,－,○,－,－,○,○,○,○,○,－,－,－,○,必要,必要,○,－,－,○,－,－,－,初診可能な時間は月曜１４時～１７時、木曜は１７時～２０時。,－,－,－,－,－,－
316,こころのクリニック調布,182-0024,調布市布田２－５１－６　みこしビル４０２号室,35.6502,139.5508,042-444-8527,児童精神科・精神科・心療内科,○,○,－,○,－,－,－,○,○,○,○,○,○,○,○,－,○,－,－,－,－,－,－,－,○,○,○,○,○,－,－,－,○,必要,必要,○,○,○,○,○,－,－,診察時間内に電話で予約してください。,－,－,－,－,－,－
317,ときわクリニック,194-0213,町田市常磐町３４３９－２,35.5852,139.4018,042-797-2121,精神科,○,○,－,－,－,－,－,－,－,－,○,○,○,○,－,－,○,－,－,－,－,○,－,－,○,○,○,－,○,○,－,－,○,必要,必要,○,○,－,○,○,○,－,－,－,－,－,－,－,－
318,豊川小児科内科医院,194-0001,町田市つくし野２－１８－１８,35.5269,139.4835,042-795-4465,小児科,○,○,○,○,○,○,場面緘黙症など,○,○,○,－,－,○,○,○,○,○,－,－,－,－,△,－,－,－,－,－,－,－,－,－,－,－,必要,必要,○,○,○,－,○,－,－,－,－,－,－,－,－,－
319,医療法人社団ハートクリニックハートクリニック町田,194-0013,町田市原町田３－２－２　第２タストンビル３Ｆ,35.5409,139.4497,0120-627-556,心療内科・精神科,○,○,○,－,－,－,－,－,○,○,○,○,○,－,－,－,○,－,－,－,－,○,－,－,○,○,○,○,○,－,－,－,○,必要,不要,○,○,○,○,○,○,○,－,○,○,－,－,－,－
320,かざまクリニック,194-0013,町田市原町田４－２０－１８　永井ビル１０１号,35.5441,139.4516,042-722-3416,精神科,○,○,－,○,－,－,－,－,－,○,○,○,○,－,○,－,○,－,－,－,－,－,－,－,○,○,○,－,○,○,－,－,○,必要,不要,○,○,－,○,－,○,－,－,－,－,－,－,－,－
321,医療法人社団希志会発達心療クリニック,194-0013,町田市原町田６－２９－１　ドヒハラビル２階Ａ号室,35.5461,139.4471,042-851-8702,精神科・児童精神科,○,○,－,○,－,－,－,－,○,○,○,－,○,○,○,－,○,－,－,－,－,○,－,－,○,○,○,○,○,－,－,－,○,必要,不要,○,○,○,－,○,－,－,－,－,－,－,－,－,－
322,医療法人社団武寿会町田メンタル内科クリニック,194-0022,町田市森野１－２５－１５　グリーンシンフォニービル１０２号室,35.5462,139.4434,042-710-2207,精神神経科,○,○,○,○,○,－,－,○,○,○,○,○,○,○,－,－,○,－,－,－,－,－,－,－,○,○,○,○,○,○,－,－,○,必要,必要,○,○,○,○,○,○,－,紹介状は前医がある場合は必要。水曜は午後のみ,－,－,－,－,－,－
323,つるまるクリニック,194-0022,町田市森野１－３５－８　ヴィンテージ２　４Ｆ,35.5458,139.4447,042-728-0166,精神科・心療内科,○,○,－,－,－,－,－,－,－,－,－,○,○,○,○,－,○,－,－,－,－,－,－,－,○,○,○,－,○,○,－,－,○,不要,必要,○,○,○,－,○,○,－,初診の方は受診される前にお電話お願いします。,－,－,－,－,－,－
324,医療法人社団まごころ会町田まごころクリニック,194-0022,町田市森野２－８－１５　ＡＷＡ渋谷ビル地下１階,35.548,139.438,042-851-7824,精神科,○,○,○,－,－,－,－,－,－,－,○,－,○,○,○,－,○,－,○,－,－,○,－,－,○,○,○,○,○,○,－,－,○,必要,必要,○,○,○,○,○,－,－,－,－,－,－,－,－,－
325,青木医院,194-0211,町田市相原町８１０,35.6059,139.3354,042-770-4114,小児科・内科,○,○,○,－,－,－,－,○,○,－,－,－,－,－,－,－,○,－,－,－,○,－,－,－,－,－,－,－,－,－,－,－,－,必要,必要,○,○,○,－,－,－,－,－,－,－,－,－,－,－
326,大蔵メンタルクリニック,195-0062,町田市大蔵町２２２１－２　ＮＳビル,35.5839,139.4756,042-734-6468,精神科・神経科,－,－,○,○,○,－,－,－,－,－,○,○,○,－,－,－,○,－,－,－,－,－,－,－,○,○,○,○,○,○,－,－,○,必要,あれば必要,○,○,－,－,○,○,－,初診時のみ予約,－,－,－,－,－,－
327,医療法人社団おおぞら会つばさクリニック,194-0035,町田市忠生３－２５－１１　忠生ビル３０２号室,35.5785,139.4116,042-794-6811,精神科・心療内科,○,○,－,○,－,－,－,－,○,○,○,○,－,－,－,－,○,－,－,－,－,○,－,－,○,○,○,－,○,○,－,－,○,必要,必要,○,○,○,○,○,○,－,－,－,－,－,－,－,－
328,成瀬メンタルクリニック,194-0045,町田市南成瀬１－１－２　プラザ成瀬２ー１５号室,35.5353,139.4736,042-710-7657,精神科・心療内科,○,○,○,－,－,－,－,－,－,－,○,○,○,○,－,－,○,－,－,－,－,－,－,－,○,○,○,－,○,○,－,－,○,必要,必要,○,○,○,○,○,－,－,－,－,－,－,－,－,－
329,玉川学園土屋クリニック,194-0031,町田市南大谷２１９－２３,35.5553,139.4583,042-729-5228,内科・婦人科,○,○,－,－,－,－,－,－,－,－,○,○,－,－,－,－,○,－,－,－,－,○,－,－,－,○,－,－,－,－,－,－,○,必要,必要,○,○,○,－,○,○,－,－,－,－,－,－,－,－
330,つるかわ心療クリニック,195-0053,町田市能ケ谷１－５－８　鶴川インペリアルビル４Ｆ－Ｄ,35.5835,139.4807,042-734-0913,精神科・心療内科,－,－,－,○,－,－,－,－,○,○,○,○,○,○,－,－,○,－,－,－,－,－,－,－,○,○,○,○,○,－,－,－,○,必要,必要,○,○,－,○,○,○,－,予約制（初診・再診）,－,－,－,－,－,－
331,医療法人社団石井メンタルクリニック,195-0053,町田市能ケ谷１－８－１　神蔵ビル１階　１０１号,35.5844,139.4832,042-737-0122,心療内科・精神科,○,○,－,－,－,－,－,－,－,－,－,○,○,－,○,－,○,－,－,－,－,－,－,－,○,○,○,－,○,－,－,－,○,必要,できるだけ必要,○,○,○,－,○,○,－,－,－,－,－,－,－,－
332,武蔵小金井南口心療クリニック,184－0004,小金井市本町6－1－15－101,35.699,139.5063,042－385－0221,精神科,○,○,○,－,－,－,－,－,－,○,○,○,○,○,○,－,○,－,－,－,－,－,－,－,○,○,－,－,－,○,－,－,○,必要,必要,－,○,－,－,－,－,－,－,－,－,－,－,－,－
333,小金井メンタルクリニック,184-0004,小金井市本町１－９－７　大嶋ビル４Ｆ,35.6999,139.5071,042-316-7356,精神科・心療内科,○,○,－,○,○,－,－,－,－,－,○,○,○,○,○,－,○,－,－,－,－,－,－,－,○,○,－,－,○,－,－,－,－,必要,必要,○,○,－,○,○,－,－,－,－,－,－,－,－,－
334,医療法人社団有心会タムラクリニック,187-0003,小平市花小金井南町１－１８－２５　ＮＲ花小金井駅前２Ｆ－Ｄ,35.7249,139.5121,042-451-5533,神経科、心療内科,－,○,－,－,－,－,－,－,－,－,－,○,○,－,－,－,○,－,－,－,－,－,－,－,○,○,－,－,○,－,－,－,－,必要,必要,－,○,○,○,○,－,－,メチルフェニデートの処方は行っていません。,－,－,－,－,－,－
335,医療法人社団野苺会小平仲町クリニック,187-0042,小平市仲町６５２－１,35.7303,139.481,042-346-0888,精神科・心療内科,○,○,－,－,－,－,－,－,－,－,－,○,○,○,○,－,○,－,△,－,－,－,－,成年期は限定。デイケアは目的別ではない。,○,○,○,－,○,○,－,－,○,必要,必要,○,○,○,－,○,○,－,完全予約制,－,－,－,－,－,－
336,朝がおクリニック,191-0062,日野市多摩平２－５－１　クレヴィア豊田多摩平の森ＲＥＳＩＤＥＮＣＥ111,35.6626,139.3797,042-506-9304,精神科,－,○,－,○,－,－,－,－,○,○,○,○,－,－,○,－,○,－,－,－,－,－,－,－,○,○,－,－,○,－,－,－,－,必要,不要,○,○,○,○,－,－,○,前医紹介状があれば、診断の補助になり助かります。ただ、ない場合も診察は可能です。,－,－,－,－,－,要相談
337,福岡医院,191-0041,日野市南平８－１０－２７,35.6542,139.3952,042-591-3600,小児科・内科,○,○,○,○,○,－,－,○,○,○,○,－,○,－,－,－,－,－,－,－,－,－,－,－,－,－,－,－,－,－,－,－,○,不要,不要,○,○,－,○,○,－,－,事前にご連絡下さい。,－,－,－,－,－,－
338,牛尾医院,191-0043,日野市平山６－５－１３,35.6457,139.3806,042-591-2001,小児科,－,○,－,－,－,－,－,○,○,○,○,－,－,－,－,－,○,－,－,－,－,－,－,－,－,－,－,－,－,－,－,－,－,不要,不要,○,○,－,○,○,－,－,－,－,－,－,－,－,－
339,廻田クリニック,189－0025,東村山市廻田町1－31－54,35.7542,139.4516,042－390－4600,心療内科・精神科,－,○,－,－,－,－,－,－,－,－,－,○,○,－,－,－,○,－,－,－,－,－,－,－,－,○,－,－,○,○,－,－,○,必要,必要,－,－,○,－,－,－,－,－,○,○,－,－,－,－
340,医療法人社団飛白会山下医院,189-0013,東村山市栄町２－９－３２　晃正プラザ３Ｆ,35.7495,139.4716,042-396-4614,精神科,－,○,－,－,－,－,－,－,－,－,－,○,○,○,○,－,○,－,－,－,－,○,－,－,○,○,○,－,○,－,－,－,○,必要,必要,－,○,○,○,○,－,－,－,－,－,－,－,－,－
341,やまだこどもクリニック,189-0001,東村山市秋津町５－１３－３　セゾン新秋津ビル１Ｆ,35.7784,139.4941,042-399-2285,小児科・精神科・リハ科,○,○,○,○,○,－,－,○,○,○,○,－,－,○,○,○,○,－,－,○,○,○,－,－,○,○,○,○,○,－,－,－,○,必要,不要,○,○,○,○,○,○,○,新版K式、WISC-IV、田中ビネー等による知能検査。PARS、WISC-Ⅲ、ADHD（WISC-Ⅳ-TR）、DBDS、MSPA等の心理、療育評価,－,－,－,－,－,－
342,さくらこどもクリニック,207-0023,東大和市上北台３－３９３－１,35.7406,139.4131,042-566-8177,小児科,○,○,○,○,－,－,－,○,○,○,－,－,○,○,○,－,○,－,－,－,－,－,－,－,－,－,－,－,－,－,－,－,－,必要,不要,－,－,－,－,－,○,－,－,－,－,－,－,－,－
343,医療法人社団栄会にしおクリニック,185-0013,国分寺市西恋ケ窪４－３０－３　２Ｆ,35.7101,139.4635,042-320-5580,内科・小児科,○,○,○,○,○,－,－,○,○,○,○,○,－,－,－,－,○,－,－,－,－,○,－,－,－,－,－,－,－,○,－,－,○,不要,必要,○,○,○,○,○,－,－,－,○,○,－,－,－,－
344,山本小児科医院,185-0012,国分寺市本町１－７－３　ＫＣＶビル１Ｆ,35.7015,139.4841,042-325-3101,小児科,－,－,－,－,－,－,－,○,○,○,－,－,○,－,－,－,○,－,－,－,－,－,○,予防接種,－,－,－,－,－,－,－,－,○,不要,不要,○,○,○,－,○,○,－,－,○,○,－,－,－,－
345,医療法人社団ソラにしむらクリニック,185-0012,国分寺市本町２－１０－９　島田ビル２Ｆ,35.7015,139.4813,042-324-4733,心療内科・精神科,○,○,－,－,－,－,－,－,－,－,○,○,○,○,○,－,○,－,－,－,－,○,－,－,○,○,○,－,○,○,－,－,○,必要,不要,○,○,○,○,○,○,－,－,○,○,－,－,－,－
346,医療法人社団慧悠会吉森クリニック,204-0022,清瀬市松山１－１２－１４　シャルマン清瀬２Ｆ,35.7717,139.5178,042-495-9511,精神科・心療内科,－,○,－,－,－,－,－,－,－,－,○,○,○,○,○,－,○,－,－,－,－,－,－,－,○,○,－,－,○,－,－,－,○,必要,必要,○,○,○,－,○,○,－,転院の場合は紹介状を必要とします。,－,－,－,－,－,－
347,桜ケ丘神経内科クリニック,206-0011,多摩市関戸２－３９－１２　桜ケ丘ＮＫビル７Ｆ,35.6501,139.449,042-374-6511,精神科,○,○,－,○,○,－,－,－,○,○,○,○,○,○,○,－,○,－,○,－,－,○,－,－,○,○,○,○,○,○,－,－,○,必要,必要,○,○,○,－,○,○,－,－,－,－,－,－,－,－
348,多摩心療クリニック,206-0033,多摩市落合１－９－９　多摩クレイドゥルビル２Ａ,35.6257,139.4246,042-319-3057,心療内科・精神科,○,○,－,－,－,－,－,－,－,－,○,○,○,－,－,－,○,－,－,－,－,－,－,－,○,○,○,－,○,○,－,－,○,必要,必要,○,○,○,－,○,○,－,火曜は第2、第4の午前中,○,○,－,－,－,－
349,立花こどもクリニック,206-0802,稲城市東長沼３１０６－３　オークプラザ２階,35.6373,139.4993,042-378-7277,小児科,○,○,○,○,－,－,－,○,○,○,－,－,○,－,－,－,○,－,－,－,－,－,－,－,－,○,○,－,－,－,－,－,○,必要,不要,○,○,○,－,○,○,－,－,－,－,－,－,－,－
350,上代継診療所,197-0832,あきる野市上代継８４－６,35.7305,139.2778,042-559-2241,小児科・リハビリテーション科・内科・整形外科・児童精神科・放射線科,○,○,○,○,○,－,－,○,○,○,○,－,○,○,○,○,○,－,－,○,○,－,－,－,○,○,○,○,○,○,－,－,○,必要,必要,○,○,○,○,○,－,－,－,○,○,－,－,－,－
351,北山クリニック,202-0001,西東京市ひばりが丘１－４－３　ケイアイビル２Ｆ,35.7501,139.5434,042-439-4657,精神科・心療内科,－,○,－,○,－,－,－,－,－,○,○,○,○,－,－,－,○,－,－,－,－,－,－,－,○,○,－,－,○,○,－,－,－,必要,必要,○,○,－,○,○,－,－,－,○,○,－,－,－,－
352,医療法人社団斉藤小児科内科クリニック,202-0004,西東京市下保谷４－２－２１,35.7495,139.5654,042-421-7201,小児科,○,○,－,－,○,－,－,○,○,－,－,－,○,－,○,－,○,－,－,－,－,－,－,－,－,－,－,－,－,－,－,－,○,必要,必要,－,○,○,－,○,－,－,午後,○,○,－,－,－,－
353,安部医院泉町分院,202-0011,西東京市泉町２－１６－１１,35.741,139.551,042-421-2220,精神科,○,○,－,－,－,－,－,－,－,－,○,○,○,－,－,－,○,－,－,－,－,－,－,－,○,○,－,－,－,－,－,－,○,不要,不要,○,○,○,－,○,○,－,－,－,－,－,－,－,－
354,増田医院,202-0012,西東京市東町５－１－１１,35.7405,139.5668,042-422-6036,内科・神経内科,－,－,－,－,－,－,－,－,－,○,○,○,－,－,－,－,○,－,－,－,－,－,○,発達障害のある方の内科的日常診察,－,－,－,－,－,○,－,－,○,不要,必要,－,－,○,○,－,○,－,土曜は第2，4土曜。発達障害のある方の内科的な日常診療に対応しています。事前に電話をして頂けると助かります。,－,－,－,－,－,－
355,社会福祉法人双葉会双葉会診療所,198-0213,奥多摩町海澤５００,35.8008,139.1161,0428-83-3454,精神科、内科,○,○,○,○,－,－,－,－,○,○,○,○,△,－,－,－,○,－,－,－,－,－,○,"△：小児領域は（仮）診断となります。
その他に、精神遅滞（+発達障害）施設への診療",○,○,○,－,○,○,－,－,－,不要,不要,○,○,○,○,○,－,－,－,－,－,－,－,－,日常手話には対応しております。
